,Marque,Référence annonce,Nom,Modèle,Prix,Année,Contrôle technique,Énergie,Boîte de vitesse,Couleur extérieure,Couleur intérieure,Nombre de portes,Nombre de places,Première main (déclaratif),Puissance fiscale,Puissance din,Crit'Air,Émissions de CO2,Norme Euro,Éligible prime à la conversion,Kilométrage compteur km,Garantie,Nombre de propriétaires,Garantie constructeur,Vérifié & Garanti,Provenance
1,Audi,E106042397,AUDI SQ5 (2) 3.0 V6 BITDI 313 QUATTRO TIPTRONIC 8,SQ5,35580,2015,non requis,Diesel,automatique,DAYTONA,noir,5,5,non,20 CV,313 ch,2,174 g/kmE,EURO5,Non,98500,,,,,
2,Audi,W101651725,AUDI Q5 2.0 TDI 143 DPF 8CV AVUS,Q5,14990,2013,requis,Diesel,mécanique,gris foncé metal,cuir/alcantara noir,5,5,oui,8 CV,143 ch,2,139 g/kmC,EURO5,Non,175326,3 mois,1,,,
3,Audi,W101718784,AUDI A4 ALLROAD II V6 3.0 TDI 272 DESIGN LUXE QUATTRO TIPTRONIC,A4 ALLROAD (2E GENERATION),47900,2018,non requis,Diesel,automatique,gris foncé metal,cuir noir,5,5,non,16 CV,272 ch,2,143 g/kmD,EURO6,Non,27000,12 mois,3,,,
4,Audi,E106202231,AUDI A8 III V6 3.0 TDI 250 AVUS QUATTRO TIPTRONIC,A8 (3E GENERATION),19990,2011,requis,Diesel,automatique,gris,,4,5,non,15 CV,250 ch,2,174 g/kmE,EURO5,Non,156900,,,,,
5,Audi,E106278661,AUDI S3 III (2) SPORTBACK 2.0 TFSI 310 QUATTRO S TRONIC 7,S3 (3E GENERATION) SPORTBACK,38490,2017,non requis,Essence,automatique,noir,,5,5,non,20 CV,310 ch,1,150 g/kmD,EURO6,Non,37500,,,,,
6,Audi,W101711349,AUDI A3 III SPORTBACK 1.4 TFSI 122 AMBITION S TRONIC,A3 (3E GENERATION) SPORTBACK,15590,2013,requis,Essence,automatique,noir metal,tissu gris,5,5,non,6 CV,125 ch,1,114 g/kmB,EURO5,Oui,82240,6 mois,,,,
7,Audi,E106113243,AUDI Q5 (2) 3.0 V6 TDI 258 S LINE QUATTRO S TRONIC 7,Q5,29880,2015,non requis,Diesel,automatique,blanc,noir,5,5,non,16 CV,258 ch,2,161 g/kmE,EURO6,Non,89915,,,,,
8,Audi,E105862968,AUDI A1 SPORTBACK 2.0 TDI 143 AMBITION,A1 SPORTBACK,14890,2014,requis,Diesel,mécanique,noir,noir,5,4,non,7 CV,143 ch,2,108 g/kmB,EURO5,Non,89281,,,,,
9,Audi,E106256873,AUDI A1 (2) SPORTBACK 1.6 TDI 116 BUSINESS LINE,A1 SPORTBACK,14480,2016,non requis,Diesel,mécanique,noir,noir,5,4,non,6 CV,116 ch,2,99 g/kmA,EURO6,Non,75713,,,,,
10,Audi,E105999639,AUDI Q3 (2) 2.0 TDI 184 S LINE QUATTRO S TRONIC,Q3,24970,2015,requis,Diesel,automatique,noir,brun,5,5,non,10 CV,184 ch,2,139 g/kmC,EURO6,Non,89900,,,,,
11,Audi,E106031176,AUDI A6 ALLROAD IV (2) 3.0 TDI 218 AVUS S TRONIC 7,A6 (4E GENERATION) ALLROAD,29880,2015,requis,Diesel,automatique,gris,noir,5,5,non,13 CV,218 ch,2,149 g/kmD,EURO6,Non,79919,,,,,
12,Audi,E106292215,AUDI A3 III (2) SPORTBACK 1.6 TDI 110 BUSINESS LINE S TRONIC 7,A3 (3E GENERATION) SPORTBACK,14990,2016,non requis,Diesel,automatique,blanc,,5,5,non,5 CV,110 ch,2,99 g/kmA,EURO6,Non,121500,,,,,
13,Audi,W101703351,AUDI Q2 1.4 TFSI 150 COD S LINE S TRONIC,Q2,27480,2016,non requis,Essence,automatique,noir metal,cuir/tissu noir,5,5,oui,8 CV,150 ch,1,125 g/kmC,EURO6,Non,41160,12 mois,1,,,
14,Audi,E105900232,AUDI SQ5 (2) 3.0 V6 BITDI 313 QUATTRO TIPTRONIC 8,SQ5,33880,2015,requis,Diesel,automatique,noir,noir,5,5,non,20 CV,313 ch,2,174 g/kmE,EURO6,Non,78417,,,,,
15,Audi,E106185653,AUDI A6 2.0 TDI 190CH DESIGN LUXE S S TRONIC ULTRA,A6 (4E GENERATION),24900,2016,non requis,Diesel,automatique,noir,,4,,oui,10 CV,0 ch,,110 g/kmB,,Non,77800,,,,,
16,Audi,W101691129,AUDI Q5 2.0 TDI 170 DPF AMBITION LUXE QUATTRO S TRONIC 7,Q5,18900,2010,requis,Diesel,automatique,blanc metal,cuir noir,5,5,non,10 CV,170 ch,3,179 g/kmE,EURO4,Non,149000,6 mois,4,,,
1,Audi,W101684279,AUDI A8 III 4.2 TDI 350 DPF AVUS QUATTRO TIPTRONIC,A8 (3E GENERATION),24990,2010,requis,Diesel,automatique,gris metal,cuir noir,4,5,non,24 CV,350 ch,2,195 g/kmE,EURO5,Non,132200,3 mois,,,,
2,Audi,W101714896,AUDI SQ5 (2) 3.0 V6 BITDI 340 PLUS QUATTRO TIPTRONIC 8,SQ5,47800,2016,non requis,Diesel,automatique,gris foncé metal,cuir noir,5,5,non,23 CV,340 ch,2,177 g/kmE,EURO6,Non,49500,3 mois,,,,
3,Audi,W101714777,AUDI R8 COUPE 4.2 V8 420 QUATTRO R TRONIC,R8,64990,2008,requis,Essence,automatique,noir nacre,cuir noir,2,2,oui,33 CV,420 ch,1,310 g/kmG,EURO5,Non,21500,12 mois,,,,
4,Audi,W101688627,AUDI SQ5 (2) 3.0 V6 BITDI 340 PLUS QUATTRO TIPTRONIC 8,SQ5,47880,2016,non requis,Diesel,automatique,noir metal,cuir noir,5,5,non,23 CV,340 ch,2,177 g/kmE,EURO6,Non,42500,3 mois,,,,
5,Audi,W101695792,AUDI Q7 II V6 3.0 TFSI 333 QUATTRO TIPTRONIC 7PL,Q7 (2E GENERATION),55000,2016,non requis,Essence,automatique,blanc metal,cuir gris,5,7,oui,22 CV,333 ch,1,183 g/kmE,EURO6,Non,20,,,,,
6,Audi,W101713561,AUDI Q5 (2) 2.0 TDI 150 AMBIENTE,Q5,16900,2013,requis,Diesel,mécanique,blanc verni,tissu noir,5,5,non,8 CV,150 ch,2,139 g/kmC,EURO5,Non,120000,6 mois,3,,,
7,Audi,E106278665,AUDI A3 III SPORTBACK 1.4 TFSI 125 AMBIENTE S TRONIC,A3 (3E GENERATION) SPORTBACK,14990,2014,requis,Essence,automatique,noir,,5,5,non,7 CV,125 ch,1,113 g/kmB,EURO6,Oui,82500,,,,,
8,Audi,B101131434,AUDI A6 ALLROAD IV 3.0 V6 TDI 245 AMBITION LUXE QUATTRO S TRONIC 7,A6 (4E GENERATION) ALLROAD,22500,2014,requis,Diesel,automatique,noir metal,cuir/alcantara noir,5,5,non,15 CV,245 ch,2,165 g/kmE,EURO5,Non,110900,,2,,,
9,Audi,W101693088,AUDI RS6 III AVANT 4.0 TFSI 560 QUATTRO TIPTRONIC,RS6 (3E GENERATION) AVANT,46900,2013,requis,Essence,automatique,noir metal,cuir noir,5,5,non,47 CV,560 ch,1,229 g/kmF,EURO5,Non,202000,6 mois,,,,
10,Audi,W101659004,AUDI R8 (2) SPYDER 5.2 V10 FSI 525 S TRONIC 7,R8 SPYDER,99900,2014,requis,Essence,automatique,noir metal,cuir rouge,2,2,oui,45 CV,525 ch,1,310 g/kmG,EURO5,Non,40500,,,,,
11,Audi,W101674183,AUDI A3 III SPORTBACK 1.6 TDI 105 DPF S LINE S TRONIC,A3 (3E GENERATION) SPORTBACK,16900,2014,requis,Diesel,automatique,noir metal,cuir/tissu noir,5,5,non,5 CV,110 ch,2,102 g/kmB,EURO6,Non,85900,12 mois,3,,,
12,Audi,W101710885,AUDI A1 SPORTBACK 1.2 TFSI 86 AMBITION,A1 SPORTBACK,9900,2013,requis,Essence,mécanique,rouge verni,tissu noir,5,5,non,5 CV,86 ch,1,118 g/kmB,EURO5,Non,130000,6 mois,2,,,
13,Audi,W101716732,AUDI Q3 (2) 2.0 TDI ULTRA 150 AMBIENTE,Q3,19990,2016,non requis,Diesel,mécanique,gris foncé metal,cuir noir,5,5,non,8 CV,150 ch,2,119 g/kmB,EURO6,Non,63000,6 mois,3,,,
14,Audi,W101701718,AUDI Q3 II 35 TFSI 150 S LINE S TRONIC 7,Q3 (2E GENERATION),39900,2019,non requis,Essence,automatique,gris foncé nacre,cuir/tissu noir,5,5,oui,8 CV,150 ch,1,129 g/kmC,EURO6,Non,9500,12 mois,,en cours,,
15,Audi,E106064927,AUDI A3 III (2) CABRIOLET 2.0 TDI 184 DESIGN LUXE QUATTRO S TRONIC 7,A3 (3E GENERATION) CABRIOLET,27990,2016,non requis,Diesel,automatique,bleu,,2,4,oui,10 CV,184 ch,2,134 g/kmC,EURO6,Non,108875,,1,,,
16,Audi,W101657625,AUDI Q7 (2) 6.0 V12 TDI 500 6PL,Q7,37990,2011,requis,Diesel,automatique,bleu metal,cuir gris,5,7,non,41 CV,501 ch,2,298 g/kmG,EURO5,Non,109000,,2,,,
1,Bmw,W101710863,BMW SERIE 1 (F20) (2) 118I LOUNGE 5P,SERIE 1 F20 5 PORTES,17870,2017,non requis,Essence,mécanique,gris metal,tissu gris,5,5,non,7 CV,136 ch,1,137 g/kmC,EURO6,Oui,35930,12 mois,,,,
2,Bmw,W101689603,BMW SERIE 1 (F20) (2) 118D URBANCHIC 5P,SERIE 1 F20 5 PORTES,15980,2016,non requis,Diesel,mécanique,noir metal,cuir/tissu gris,5,5,non,7 CV,150 ch,2,109 g/kmB,EURO6,Non,68480,12 mois,,,,
3,Bmw,E105884512,BMW SERIE 4 (F36) GRAN COUPE 418D M SPORT BVA8,SERIE 4 F36 GRAN COUPE,26890,2017,non requis,Diesel,automatique,noir,noir,5,5,non,7 CV,150 ch,2,116 g/kmB,EURO6,Non,57900,,,,,
4,Bmw,E106278669,BMW SERIE 5 GT (F07) 530DA XDRIVE 258 M SPORT,SERIE 5 GT F07,22990,2014,requis,Diesel,automatique,gris,noir,5,5,non,16 CV,258 ch,2,163 g/kmE,EURO6,Non,157500,,,,,
5,Bmw,E105859544,BMW X1 (F48) SDRIVE18D M SPORT BVA8,X1 F48,27790,2017,non requis,Diesel,automatique,blanc,noir,5,5,non,8 CV,150 ch,2,114 g/kmB,EURO6,Non,55990,,,,,
6,Bmw,E106100042,BMW X1 (F48) XDRIVE25D M SPORT BVA8,X1 F48,29890,2016,non requis,Diesel,automatique,noir,noir,5,5,non,13 CV,231 ch,2,133 g/kmC,EURO6,Non,89468,,,,,
7,Bmw,E106182526,BMW X1 (E84) (2) XDRIVE25D M SPORT BVA8,X1 E84,21980,2015,non requis,Diesel,automatique,blanc,noir,5,5,non,12 CV,218 ch,2,145 g/kmD,EURO5,Non,79900,,,,,
8,Bmw,W101711983,BMW SERIE 1 (F20) 116I 136 LOUNGE 5P,SERIE 1 F20 5 PORTES,12490,2013,requis,Essence,mécanique,blanc verni,tissu gris,5,5,non,7 CV,136 ch,1,125 g/kmC,EURO6,Non,78090,6 mois,,,,
9,Bmw,W101630830,BMW I3 94 AH +EDITION LODGE,I3,23970,2017,non requis,Electrique,automatique,noir metal,cuir/tissu beige,5,4,oui,3 CV,170 ch,0,0 g/kmA,EURO6,Oui,18560,12 mois,,,,
10,Bmw,E106085247,BMW X3 (F25) (2) XDRIVE30DA 258 M SPORT,X3 F25,31890,2015,non requis,Diesel,automatique,noir,noir,5,5,non,16 CV,258 ch,2,156 g/kmD,EURO6,Non,88850,,,,,
11,Bmw,W101703241,BMW SERIE 1 (F20) 116D 116 SPORT 5P,SERIE 1 F20 5 PORTES,15980,2015,non requis,Diesel,mécanique,gris foncé metal,tissu gris,5,5,non,6 CV,116 ch,2,104 g/kmB,EURO6,Non,60850,12 mois,,,,
12,Bmw,W101709736,BMW SERIE 3 GT (F34) 320DA 184 SPORT,SERIE 3 GT F34,18780,2014,requis,Diesel,automatique,gris clair metal,tissu gris,5,5,non,10 CV,184 ch,2,129 g/kmC,EURO6,Non,113910,12 mois,,,,
13,Bmw,E106273469,BMW SERIE 1 120D 190CH ADVANTAGE,SERIE 1 F20 5 PORTES,16980,2015,non requis,Diesel,mécanique,gris,noir,,,non,10 CV,0 ch,,0 g/kmA,,Non,68879,,,,,
14,Bmw,W101694721,BMW X4 (F26) XDRIVE30D 258 M SPORT BVA8,X4 F26,41990,2016,non requis,Diesel,automatique,blanc nacre,cuir marron,5,5,oui,16 CV,259 ch,2,159 g/kmD,EURO6,Non,32530,6 mois,1,,,
15,Bmw,E106043355,BMW X6 (F16) XDRIVE30D 258 LOUNGE PLUS BVA8,X6 F16,38990,2016,non requis,Diesel,automatique,noir,,5,5,non,16 CV,259 ch,2,159 g/kmD,EURO6,Non,81300,,,,,
16,Bmw,E106278663,BMW X5 (E70) XDRIVE30DA 235 LUXE,X5 E70,10990,2009,requis,Diesel,automatique,gris,,5,5,non,15 CV,235 ch,3,214 g/kmF,EURO4,Non,234500,,,,,
1,Bmw,E106281346,BMW SERIE 6 (F06) (2) GRAN COUPE 640D 313 LOUNGE PLUS BVA8,SERIE 6 F06 GRAN COUPE,35980,2016,non requis,Diesel,automatique,noir,,4,5,non,20 CV,313 ch,2,147 g/kmD,EURO6,Non,77500,,,,,
2,Bmw,E106324635,BMW SERIE 5 (F11) TOURING 520D 184 LUXE BVA8,SERIE 5 F11 TOURING,12990,2012,requis,Diesel,automatique,noir,,5,5,non,10 CV,184 ch,2,134 g/kmC,EURO5,Non,185500,,,,,
3,Bmw,W101700956,BMW SERIE 6 (G32) 640IA XDRIVE LUXURY,SERIE 6 G32 GRAN TURISMO,69990,2019,non requis,Essence,automatique,bleu metal,cuir gris,5,5,oui,23 CV,340 ch,1,184 g/kmE,EURO6,Non,6458,12 mois,1,en cours,,
4,Bmw,E106049786,BMW X3 (F25) (2) XDRIVE20DA 190 XLINE,X3 F25,26990,2015,non requis,Diesel,automatique,blanc,,5,5,non,10 CV,190 ch,2,138 g/kmC,EURO6,Non,72222,,,,,
5,Bmw,E106198494,BMW SERIE 1 (F21) (2) 118D SPORT BVA8 3P,SERIE 1 F21 3 PORTES,17900,2016,non requis,Diesel,automatique,gris,,3,5,oui,7 CV,150 ch,2,105 g/kmB,EURO6,Non,63116,,,,,
6,Bmw,W101694518,BMW SERIE 1 (F20) 116D 116 SPORT BVA8 5P,SERIE 1 F20 5 PORTES,12900,2012,requis,Diesel,automatique,gris clair metal,tissu noir,5,5,non,6 CV,116 ch,2,119 g/kmB,EURO5,Non,76800,6 mois,2,,,
7,Bmw,E106167820,BMW SERIE 6 (F06) (2) GRAN COUPE 640D 313 LOUNGE PLUS BVA8,SERIE 6 F06 GRAN COUPE,35980,2016,non requis,Diesel,automatique,noir,,4,5,non,20 CV,313 ch,2,147 g/kmD,EURO6,Non,77500,,,,,
8,Bmw,W101702863,BMW SERIE 1 (F21) (2) 116I URBANCHIC 3P,SERIE 1 F21 3 PORTES,14980,2015,non requis,Essence,mécanique,blanc nacre,cuir/tissu noir,3,5,non,6 CV,109 ch,1,134 g/kmC,EURO6,Non,55880,12 mois,,,,
9,Bmw,B101160198,BMW SERIE 5 (F11) (2) TOURING 520D 190 EXECUTIVE BVA8,SERIE 5 F11 TOURING,21890,2017,non requis,Diesel,automatique,noir metal,cuir marron,5,5,non,10 CV,190 ch,2,128 g/kmC,EURO6,Non,111000,,1,,,
10,Bmw,B101157380,BMW SERIE 3 (F30) 335D XDRIVE 313 M SPORT BVA8,SERIE 3 F30,21300,2015,non requis,Diesel,automatique,blanc verni,cuir noir,4,5,oui,20 CV,313 ch,2,145 g/kmD,EURO6,Non,197400,,1,,,
11,Bmw,W101704119,BMW SERIE 1 (F21) (2) 140I M PERFORMANCE BVA8 3P,SERIE 1 F21 M 3 PORTES,35900,2017,non requis,Essence,automatique,gris anthracite metal,velours noir,3,5,oui,22 CV,340 ch,1,163 g/kmE,EURO6,Non,28500,6 mois,,,,
12,Bmw,E106049792,BMW X3 (F25) (2) XDRIVE35IA 306 M SPORT,X3 F25,30990,2016,non requis,Essence,automatique,noir,,5,5,non,20 CV,306 ch,1,193 g/kmE,EURO6,Non,93600,,,,,
13,Bmw,E105377112,BMW X6 (F86) M50DA 381,X6 F86 M,52900,2014,requis,Diesel,automatique,bleu foncé,,5,5,non,26 CV,381 ch,2,205 g/kmF,EURO6,Non,62800,3 mois,,,,
14,Bmw,E106255881,BMW X2 150CH SPORT S BVA 18 8,X2 F39,33950,2019,non requis,Diesel,automatique,argent,,5,,oui,8 CV,0 ch,,114 g/kmB,,Non,20000,24 mois,,,,
15,Bmw,W101709646,BMW SERIE 3 (F31) (2) TOURING 320D XDRIVE 190 LUXURY BVA8,SERIE 3 F31 TOURING,18999,2015,non requis,Diesel,automatique,blanc verni,cuir noir,5,5,oui,10 CV,190 ch,2,124 g/kmC,EURO6,Non,135611,3 mois,1,,,
16,Bmw,E106261953,BMW SERIE 1 (F20) (2) 118I SPORT BVA8 5P,SERIE 1 F20 5 PORTES,20490,2019,non requis,Essence,automatique,noir,,5,5,non,7 CV,136 ch,1,130 g/kmC,EURO6,Non,23504,24 mois,,en cours,,
1,Citroen,W101703278,CITROEN DS3 1.6 THP 155 SPORT CHIC,DS3,8980,2011,requis,Essence,mécanique,noir metal,cuir noir,3,5,oui,8 CV,156 ch,1,135 g/kmC,EURO5,Non,75730,6 mois,,,,
2,Citroen,E105717712,CITROEN C4 PICASSO II 1.6 E-HDI 115 ATTRACTION BV6,C4 PICASSO 2,12990,2015,requis,Diesel,mécanique,gris clair,,5,5,non,6 CV,116 ch,2,105 g/kmB,EURO5,Non,78122,12 mois,,,,
3,Citroen,E105717714,CITROEN C5 II (2) 2.0 BLUEHDI 150 S&S CONFORT BV6,C5 (2E GENERATION),15590,2015,non requis,Diesel,mécanique,marron,,4,5,non,7 CV, ch,2,106 g/kmB,EURO6,Non,38454,,,,,
4,Citroen,E105717719,CITROEN C3 III 1.2 PURETECH 82 S&S ORIGINS,C3 (3E GENERATION),13790,2019,non requis,Essence,mécanique,blanc,,5,5,non,4 CV,82 ch,1,96 g/kmA,EURO6,Oui,12432,,,en cours,,
5,Citroen,E105902768,CITROEN C4 PICASSO II 1.6 E-HDI 115 BUSINESS BV6,C4 PICASSO 2,9990,2013,requis,Diesel,mécanique,gris clair,,5,5,non,6 CV,116 ch,2,105 g/kmB,EURO5,Non,116524,8 mois,,,,
6,Citroen,E106324633,CITROEN C4 PICASSO II 2.0 BLUEHDI 150 EXCLUSIVE EAT6,C4 PICASSO 2,14990,2016,non requis,Diesel,automatique,noir,,5,5,non,8 CV,150 ch,2,112 g/kmB,EURO6,Non,95900,,,,,
7,Citroen,E106276065,CITROEN GRAND C4 PICASSO II 1.6 E-HDI 115 COLLECTION,GRAND C4 PICASSO 2,11990,2014,requis,Diesel,mécanique,rouge,,5,7,non,6 CV,114 ch,2,105 g/kmB,EURO5,Non,92900,,,,,
8,Citroen,E106215527,CITROEN C3 AIRCROSS 1.2 PURETECH 110 S&S SHINE BV6,C3 AIRCROSS,16990,2019,non requis,Essence,mécanique,gris clair,,5,5,non,5 CV,110 ch,1,106 g/kmB,EURO6,Oui,15981,12 mois,,en cours,,
9,Citroen,E105717726,CITROEN C3 III 1.2 PURETECH 82 S&S ORIGINS,C3 (3E GENERATION),14490,2019,non requis,Essence,mécanique,blanc,,5,5,non,4 CV,82 ch,1,96 g/kmA,EURO6,Oui,8768,,,en cours,,
10,Citroen,E106039430,CITROEN C4 CACTUS (2) 1.2 PURETECH 110 S&S SHINE EAT6,C4 CACTUS,17990,2019,non requis,Essence,automatique,gris foncé,,5,5,non,6 CV,110 ch,1,114 g/kmB,EURO6,Oui,26946,24 mois,,en cours,,
11,Citroen,E106257175,CITROEN GRAND C4 SPACETOURER 1.5 BLUEHDI 130 S&S FEEL EAT8,GRAND C4 SPACETOURER,25900,2019,non requis,Diesel,automatique,gris foncé,,5,7,non,6 CV,131 ch,2,102 g/kmB,EURO6,Non,14885,24 mois,,en cours,,
12,Citroen,W101681967,CITROEN GRAND C4 PICASSO II (2) 1.2 PURETECH 130 S&S SHINE BV6,GRAND C4 PICASSO 2,17600,2016,non requis,Essence,mécanique,gris clair metal,cuir/tissu gris,5,7,oui,7 CV,131 ch,1,116 g/kmB,EURO6,Oui,44000,12 mois,1,,,
13,Citroen,W101686059,CITROEN GRAND C4 PICASSO II (2) 1.6 BLUEHDI 120 S&S SHINE EAT6,GRAND C4 PICASSO 2,14990,2016,non requis,Diesel,automatique,marron metal,cuir noir,5,7,oui,6 CV,120 ch,2,106 g/kmB,EURO6,Non,95000,6 mois,1,,,
14,Citroen,E105824726,CITROEN C3 III 1.2 PURETECH 110 S&S ORIGINS BV6,C3 (3E GENERATION),19290,2019,non requis,Essence,mécanique,noir,,5,5,non,5 CV,110 ch,1,104 g/kmB,EURO6,Oui,2850,24 mois,,en cours,,
15,Citroen,E106283169,CITROEN BERLINGO (3) M 650KG BLUEHDI 100 S&S BVM DRIVER,,18790,2019,non requis,Diesel,mécanique,gris foncé,,4,,non,5 CV,0 ch,,106 g/kmB,,Non,1013,24 mois,,,,
16,Citroen,E106214304,CITROEN C3 AIRCROSS 1.2 PURETECH 110 S&S SHINE EAT6,C3 AIRCROSS,19590,2019,non requis,Essence,automatique,beige,,5,5,non,6 CV,110 ch,1,114 g/kmB,EURO6,Oui,18584,24 mois,,en cours,,
1,Citroen,W101707997,CITROEN DS5 HYBRID4 EXECUTIVE 4WD ETG6,DS5,17800,2016,non requis,Hybride diesel électrique,automatique,gris clair metal,cuir/tissu noir,5,5,oui,8 CV,200 ch,1,90 g/kmA,EURO5,Non,74000,12 mois,1,,,
2,Citroen,E106039430,CITROEN C4 CACTUS (2) 1.2 PURETECH 110 S&S SHINE EAT6,C4 CACTUS,17990,2019,non requis,Essence,automatique,gris foncé,,5,5,non,6 CV,110 ch,1,114 g/kmB,EURO6,Oui,26946,24 mois,,en cours,,
3,Citroen,W101686059,CITROEN GRAND C4 PICASSO II (2) 1.6 BLUEHDI 120 S&S SHINE EAT6,GRAND C4 PICASSO 2,14990,2016,non requis,Diesel,automatique,marron metal,cuir noir,5,7,oui,6 CV,120 ch,2,106 g/kmB,EURO6,Non,95000,6 mois,1,,,
4,Citroen,E106056857,CITROEN C5 AIRCROSS 1.6 PURETECH 180 S&S SHINE EAT8,C5 AIRCROSS,30990,2019,non requis,Essence,automatique,bleu,,5,5,non,10 CV,181 ch,1,128 g/kmC,EURO6,Non,8500,24 mois,,en cours,,
5,Citroen,W101663311,CITROEN C4 CACTUS (2) 1.2 PURETECH 110 S&S FEEL BUSINESS EAT6,C4 CACTUS,15990,2018,non requis,Essence,automatique,gris foncé metal,tissu gris,5,5,oui,6 CV,110 ch,1,114 g/kmB,EURO6,Oui,32200,12 mois,1,en cours,,
6,Citroen,E106144643,CITROEN NEMO HDI 75CH CLUB FAP,NEMO COMBI,6990,2013,requis,Diesel,mécanique,noir,,3,,non,5 CV,0 ch,,119 g/kmB,,Non,44049,6 mois,,,,
7,Citroen,E106007213,CITROEN GRAND C4 PICASSO II (2) 1.2 PURETECH 130 S&S FEEL,GRAND C4 PICASSO 2,18670,2018,non requis,Essence,mécanique,gris,,5,7,oui,7 CV,131 ch,1,115 g/kmB,EURO6,Oui,23529,12 mois,,en cours,,
8,Citroen,W101701776,CITROEN C3 III 1.6 BLUEHDI 75 S&S 83G FEEL BUSINESS,C3 (3E GENERATION),10490,2017,non requis,Diesel,mécanique,gris metal,tissu noir,5,5,oui,4 CV,75 ch,2,83 g/kmA,EURO6,Non,37500,6 mois,1,,,
9,Citroen,E105789962,CITROEN C3 AIRCROSS 1.5 BLUEHDI 100 S&S SHINE BV6,C3 AIRCROSS,18290,2019,non requis,Diesel,mécanique,noir,,5,5,non,5 CV,102 ch,2,103 g/kmB,EURO6,Non,26857,12 mois,,en cours,,
10,Citroen,E106030227,CITROEN C3 III 1.6 BLUEHDI 100 S&S SHINE,C3 (3E GENERATION),11990,2018,non requis,Diesel,mécanique,bleu,,5,5,oui,5 CV,99 ch,2,95 g/kmA,EURO6,Non,66811,12 mois,,,,
11,Citroen,W101655950,CITROEN C4 II (2) 1.6 BLUEHDI 120 S&S MILLENIUM BUSINESS EAT6,C4 (2E GENERATION),12900,2015,non requis,Diesel,automatique,gris foncé metal,tissu gris,5,5,oui,6 CV,120 ch,2,98 g/kmA,EURO6,Non,57500,12 mois,1,,,
12,Citroen,E106236430,CITROEN C3 AIRCROSS 1.2 PURETECH 110 S&S SHINE EAT6,C3 AIRCROSS,18990,2019,non requis,Essence,automatique,blanc,,5,5,non,6 CV,110 ch,1,114 g/kmB,EURO6,Oui,7890,24 mois,,en cours,,
13,Citroen,W101691237,CITROEN NEMO 1.3 HDI 75 FAP CLUB,NEMO,10990,2014,requis,Diesel,mécanique,rouge verni,tissu noir,4,2,oui,5 CV,75 ch,2,124 g/kmC,EURO5,Non,28653,6 mois,,,,
14,Citroen,E106223333,CITROEN C4 SPACETOURER 1.2 PURETECH 130 S&S SHINE BV6,C4 SPACETOURER,21990,2019,non requis,Essence,mécanique,gris foncé,,5,5,non,7 CV,131 ch,1,114 g/kmB,EURO6,Oui,13338,12 mois,,en cours,,
15,Citroen,E106264734,CITROEN BERLINGO FOURGON VAN M 650 BLUEHDI 100 S&S CLUB 2020,,15960,2020,non requis,Diesel,mécanique,blanc,,4,,oui,5 CV,0 ch,,119 g/kmB,,Non,1,,,,,
16,Citroen,E105789961,CITROEN C5 II (2) HDI 200 FAP EXCLUSIVE BVA6,C5 (2E GENERATION),18290,2016,non requis,Diesel,automatique,gris clair,,4,5,non,12 CV,204 ch,2,155 g/kmD,EURO5,Non,70176,12 mois,,,,
1,Dacia,W101706061,DACIA DUSTER II 1.5 DCI 115 BLUE PRESTIGE 4X2,DUSTER 2,18500,2019,non requis,Diesel,mécanique,blanc metal,tissu noir,5,5,oui,6 CV,115 ch,2,108 g/kmB,EURO6,Non,264,26 mois,,en cours,,
2,Dacia,E106317948,DACIA SANDERO II (2) STEPWAY 0.9 TCE 90 E6C,SANDERO 2 STEPWAY,12800,2020,non requis,Essence,mécanique,gris,noir,5,5,oui,5 CV,90 ch,1,115 g/kmB,EURO6,Oui,10,36 mois,1,en cours,,
3,Dacia,E106281706,DACIA SANDERO II (2) STEPWAY 0.9 TCE 90 E6C,SANDERO 2 STEPWAY,12800,2020,non requis,Essence,mécanique,gris,noir,5,5,oui,5 CV,90 ch,1,115 g/kmB,EURO6,Oui,10,36 mois,,en cours,,
4,Dacia,E106281707,DACIA SANDERO II (2) STEPWAY 0.9 TCE 90 E6C,SANDERO 2 STEPWAY,12800,2020,non requis,Essence,mécanique,gris,noir,5,5,oui,5 CV,90 ch,1,115 g/kmB,EURO6,Oui,10,36 mois,,en cours,,
5,Dacia,E106140998,DACIA SANDERO II (2) STEPWAY 0.9 TCE 90,SANDERO 2 STEPWAY,10590,2017,non requis,Essence,mécanique,noir,,5,5,non,5 CV,90 ch,1,115 g/kmB,EURO6,Oui,38923,12 mois,,en cours,,
6,Dacia,E105950902,DACIA DUSTER II 1.5 DCI 115 BLUE PRESTIGE 4X2,DUSTER 2,17990,2019,non requis,Diesel,mécanique,Marron,,5,5,oui,6 CV,116 ch,2,110 g/kmB,EURO6,Non,990,12 mois,1,en cours,Garantie OR,
7,Dacia,E106118432,DACIA SANDERO II (2) STEPWAY 0.9 TCE 90 E6C,SANDERO 2 STEPWAY,12790,2019,non requis,Essence,mécanique,Blanc,,5,5,non,5 CV,90 ch,1,125 g/kmC,EURO6,Non,1847,12 mois,2,en cours,Garantie OR,
8,Dacia,W101669123,DACIA DUSTER 1.5 DCI 90 FAP 4X2 DELSEY,DUSTER,10990,2012,requis,Diesel,mécanique,gris clair metal,tissu noir,5,5,non,5 CV,90 ch,2,130 g/kmC,EURO5,Non,82639,6 mois,2,,,
9,Dacia,E105438684,DACIA DUSTER (2) 1.2 TCE 125 4X2 EXPLORER,DUSTER,15890,2018,non requis,Essence,mécanique,blanc,,5,5,non,7 CV,125 ch,1,138 g/kmC,EURO6,Non,8630,12 mois,,en cours,,
10,Dacia,E106321746,DACIA DUSTER (2) 1.5 DCI 110 PRESTIGE PLUS 4X2,DUSTER,11590,2014,requis,Diesel,mécanique,Gris,,5,5,oui,6 CV,109 ch,2,127 g/kmC,EURO5,Non,68776,6 mois,1,,Renault Garantie PRIX FUTE,
11,Dacia,E106040712,DACIA DUSTER II 1.5 DCI 110 PRESTIGE 4X2,DUSTER 2,16290,2018,non requis,Diesel,mécanique,Beige,,5,5,oui,6 CV,109 ch,2,115 g/kmB,EURO6,Non,18655,12 mois,1,en cours,Garantie OR,
12,Dacia,E106335714,DACIA DUSTER II 1.5 DCI 110 CONFORT 4X2,DUSTER 2,15499,2018,non requis,Diesel,mécanique,GRIS PLATINE,,5,5,non,6 CV,110 ch,2,115 g/kmB,EURO6,Non,8270,,,en cours,,
13,Dacia,E106216580,DACIA DUSTER II 1.5 DCI 115 BLUE PRESTIGE 4X2,DUSTER 2,17590,2019,non requis,Diesel,mécanique,Gris,,5,5,oui,6 CV,116 ch,2,115 g/kmB,EURO6,Non,10120,24 mois,1,en cours,,
14,Dacia,E106266255,DACIA LODGY 1.5 DCI 110 SILVER LINE BV6 5PL EURO6,LODGY,12450,2017,non requis,Diesel,mécanique,Bleu,,5,5,oui,5 CV,109 ch,2,105 g/kmB,EURO6,Non,67977,12 mois,1,,Garantie OR,
15,Dacia,E106202632,DACIA SANDERO II (2) STEPWAY 0.9 TCE 90 E6C,SANDERO 2 STEPWAY,12890,2019,non requis,Essence,mécanique,bleu,,5,5,non,5 CV,90 ch,1,120 g/kmB,EURO6,Non,10,,,en cours,,
16,Dacia,E106220715,DACIA DUSTER (2) 1.2 TCE 125 PRESTIGE 4X2,DUSTER,10490,2014,requis,Essence,mécanique,GRIS COMÈTE MET,NOIR,5,5,oui,7 CV,125 ch,1,145 g/kmD,EURO5,Non,79350,6 mois,,,,
1,Dacia,E106250062,DACIA SANDERO II (2) 0.9 TCE 90 AMBIANCE,SANDERO 2,8590,2017,non requis,Essence,mécanique,Blanc,,5,5,oui,5 CV,90 ch,1,109 g/kmB,EURO6,Oui,50116,6 mois,1,,Renault Garantie PRIX FUTE,
2,Dacia,E106103306,DACIA DUSTER II 1.5 DCI 115 BLUE PRESTIGE 4X2,DUSTER 2,16990,2019,non requis,Diesel,mécanique,Bleu,,5,5,oui,6 CV,116 ch,2,110 g/kmB,EURO6,Non,13874,12 mois,1,en cours,Garantie OR,
3,Dacia,E105998285,DACIA SANDERO II (2) STEPWAY 0.9 TCE 90 E6C,SANDERO 2 STEPWAY,12450,2019,non requis,Essence,mécanique,GRIS,,5,5,non,5 CV,90 ch,1,125 g/kmC,EURO6,Non,8950,12 mois,,en cours,Garantie OR,
4,Dacia,E106242333,DACIA SANDERO II 0.9 TCE 90 AMBIANCE EURO6,SANDERO 2,8790,2015,non requis,Essence,mécanique,Blanc,,5,5,oui,5 CV,90 ch,1,109 g/kmB,EURO6,Oui,19146,6 mois,1,,Renault Garantie PRIX FUTE,
5,Dacia,E105909057,DACIA DUSTER II 1.0 TCE 100 CONFORT 4X2 2019,DUSTER 2,14690,2020,non requis,Essence,mécanique,GRIS COMETE,,5,5,non,5 CV,100 ch,1,121 g/kmC,EURO6,Non,10,,,en cours,,
6,Dacia,E106335729,DACIA SANDERO II (2) STEPWAY 1.5 DCI 95 BLUE,SANDERO 2 STEPWAY,13299,2019,non requis,Diesel,mécanique,BLANC,,5,5,non,5 CV,95 ch,2,103 g/kmB,EURO6,Non,7874,,,en cours,,
7,Dacia,E105702072,DACIA SANDERO II 1.5 DCI 90 FAP LAUREATE EURO6,SANDERO 2,9300,2015,non requis,Diesel,mécanique,blanc,,5,5,non,4 CV,90 ch,2,99 g/kmA,EURO5,Non,63000,,,,,
8,Dacia,E106184481,DACIA DUSTER II 1.3 TCE 130 FAP PRESTIGE 4X2,DUSTER 2,16890,2019,non requis,Essence,mécanique,BEIGE,,5,5,non,7 CV,130 ch,1,138 g/kmC,EURO6,Non,3794,12 mois,,en cours,Garantie OR,
9,Dacia,E106260623,DACIA DUSTER (2) 1.5 DCI 110 PRESTIGE 4X2,DUSTER,12390,2015,non requis,Diesel,mécanique,blanc,gris,5,5,oui,6 CV,109 ch,2,127 g/kmC,EURO5,Non,43500,12 mois,1,,Fiat Autoexpert ALTA,
10,Dacia,E106216580,DACIA DUSTER II 1.5 DCI 115 BLUE PRESTIGE 4X2,DUSTER 2,17590,2019,non requis,Diesel,mécanique,Gris,,5,5,oui,6 CV,116 ch,2,115 g/kmB,EURO6,Non,10120,24 mois,1,en cours,,
11,Dacia,E106040712,DACIA DUSTER II 1.5 DCI 110 PRESTIGE 4X2,DUSTER 2,16290,2018,non requis,Diesel,mécanique,Beige,,5,5,oui,6 CV,109 ch,2,115 g/kmB,EURO6,Non,18655,12 mois,1,en cours,Garantie OR,
12,Dacia,E106078174,DACIA SANDERO II (2) STEPWAY 1.5 DCI 90,SANDERO 2 STEPWAY,12590,2018,non requis,Diesel,mécanique,GRIS FONCE,,5,5,non,4 CV,90 ch,2,98 g/kmA,EURO6,Non,13990,12 mois,,en cours,,
13,Dacia,E106093821,DACIA DUSTER (2) 1.5 DCI 110 FAP PRESTIGE 4X4 EURO6,DUSTER,13790,2016,non requis,Diesel,mécanique,Noir,,5,5,non,6 CV,109 ch,2,123 g/kmC,EURO6,Non,61181,6 mois,2,,Renault Garantie PRIX FUTE,
14,Dacia,E106242801,DACIA SANDERO II (2) STEPWAY 0.9 TCE 90 E6C,SANDERO 2 STEPWAY,12990,2020,non requis,Essence,mécanique,GRIS,,5,5,non,5 CV,90 ch,1,115 g/kmB,EURO6,Oui,10,,,en cours,,
15,Dacia,E105783927,DACIA SANDERO II (2) STEPWAY 0.9 TCE 90 E6C,SANDERO 2 STEPWAY,13300,2019,non requis,Essence,mécanique,BLANC GLACIER,,5,5,non,5 CV,90 ch,1,120 g/kmB,EURO6,Non,10,,,,,
16,Dacia,E106192493,DACIA LODGY 1.5 DCI 110 BLACK LINE 5PL EURO6,LODGY,10480,2014,requis,Diesel,mécanique,BLANC,NOIR,5,5,non,6 CV,110 ch,2,116 g/kmB,EURO5,Non,57000,6 mois,,,,
1,Fiat,W101709759,FIAT 500 X (2) 1.0 GSE T3 120 OPENING EDITION,500 X,15980,2018,non requis,Essence,mécanique,blanc metal,tissu gris,5,5,non,6 CV,120 ch,1,133 g/kmC,EURO6,Non,16280,12 mois,,en cours,,
2,Fiat,W101711413,FIAT DUCATO II (2) TOLE MAXI L2B 2.8 JTD EGR PACK BVA,DUCATO 2,24900,2011,requis,Diesel,automatique,blanc verni,cuir/tissu rouge,5,,non,9 CV,127 ch,2,,EURO5,Non,264000,3 mois,,,,
3,Fiat,W101713834,FIAT 500 II (2) 1.2 8V 69 STAR DUALOGIC,500 (2E GENERATION),14250,2020,non requis,Essence,automatique,gris metal,cuir/tissu noir,3,4,oui,4 CV,69 ch,1,120 g/kmB,EURO6,Non,500,23 mois,1,en cours,,
4,Fiat,E106278668,FIAT 500 L 1.6 MULTIJET 105 S/S PETIT BATEAU,500 L,8990,2015,non requis,Diesel,mécanique,blanc,,5,5,non,5 CV,105 ch,2,117 g/kmB,EURO5,Non,90900,,,,,
5,Fiat,W101713902,FIAT 500 II (2) 1.2 8V 69 STAR DUALOGIC,500 (2E GENERATION),14250,2020,non requis,Essence,automatique,bordeaux metal,cuir/tissu noir,3,4,oui,4 CV,69 ch,1,120 g/kmB,EURO6,Non,10,23 mois,1,en cours,,
6,Fiat,W101710813,FIAT 500 X (2) 1.0 FIREFLY T T3 120 LOUNGE,500 X,19990,2020,non requis,Essence,mécanique,bleu metal,tissu noir,5,5,oui,6 CV,120 ch,1,125 g/kmC,EURO6,Non,20,24 mois,,en cours,,
7,Fiat,E106188163,FIAT 500 X 1.6 MULTIJET 120 POP 4X2,500 X,10900,2015,non requis,Diesel,mécanique,gris,,5,5,non,6 CV,120 ch,2,109 g/kmB,EURO6,Non,96000,6 mois,,,,
8,Fiat,W101680675,FIAT 500 X 1.6 MULTIJET 120 LOUNGE 4X2,500 X,14690,2017,non requis,Diesel,mécanique,gris clair metal,cuir/tissu noir,5,5,non,6 CV,120 ch,2,109 g/kmB,EURO6,Non,51500,12 mois,2,,,
9,Fiat,W101710836,FIAT 500 X (2) 1.0 FIREFLY T T3 120 LOUNGE,500 X,19990,2020,non requis,Essence,mécanique,bleu metal,tissu noir,5,5,oui,6 CV,120 ch,1,125 g/kmC,EURO6,Non,19,24 mois,,en cours,,
10,Fiat,W101710754,FIAT 500 X (2) 1.0 FIREFLY T T3 120 LOUNGE,500 X,19990,2020,non requis,Essence,mécanique,noir metal,tissu noir,5,5,oui,6 CV,120 ch,1,125 g/kmC,EURO6,Non,17,24 mois,,en cours,,
11,Fiat,E106127853,FIAT DOBLO CARGO 1.4 120 CV PACK PRO,,9990,2015,non requis,Essence,mécanique,blanc,,4,2,non,5 CV, ch,1,,EURO6,Non,56500,,,,,
12,Fiat,W101712711,FIAT 500 X 1.4 MULTIAIR 140 CROSS PLUS 4X2 DCT,500 X,15750,2017,non requis,Essence,automatique,beige verni,cuir/tissu noir,5,5,oui,7 CV,140 ch,1,133 g/kmC,EURO6,Non,50617,3 mois,1,,,
13,Fiat,E106175100,FIAT 500 II (2) 0.9 8V 85 TWINAIR S/S SPORT,500 (2E GENERATION),14390,2019,non requis,Essence,mécanique,bleu,,3,4,non,4 CV,85 ch,1,107 g/kmB,EURO6,Oui,10,,,en cours,,
14,Fiat,W101645514,FIAT 500 II 1.2 8V 69 LOUNGE,500 (2E GENERATION),8900,2016,non requis,Essence,mécanique,violet metal,tissu gris,3,4,oui,4 CV,69 ch,1,115 g/kmB,EURO6,Oui,48000,6 mois,1,,,
15,Fiat,E105751939,FIAT TIPO II 1.4 95 5CV EASY 5P,TIPO 2,11980,2018,non requis,Essence,mécanique,Grigio Maest,,5,5,non,5 CV,95 ch,1,129 g/kmC,EURO6,Non,26414,12 mois,,en cours,Fiat Autoexpert ALTA,
16,Fiat,E106332860,FIAT TIPO II 1.4 95 LOUNGE 5P,TIPO 2,15980,2019,non requis,Essence,mécanique,GRIS,,5,5,non,6 CV,95 ch,1,138 g/kmC,EURO6,Non,1950,,,en cours,,
1,Fiat,E105751934,FIAT 500 II (2) 1.2 8V 69 LOUNGE,500 (2E GENERATION),10490,2018,non requis,Essence,mécanique,OPERA BORDEA,,3,4,non,4 CV,69 ch,1,116 g/kmB,EURO6,Oui,24433,12 mois,,,,
2,Fiat,E105947756,FIAT 500 L 1.4 16V 95 URBAN KIDS,500 L,9990,2016,non requis,Essence,mécanique,BLANC,,5,5,oui,6 CV,95 ch,1,143 g/kmD,EURO6,Non,77673,12 mois,,,CITROEN select,
3,Fiat,E105593045,FIAT TIPO II SW 1.6 MULTIJET 120 S/S BUSINESS DCT,TIPO 2 SW,13990,2018,non requis,Diesel,automatique,Gris Colosseo,,5,5,non,6 CV,120 ch,2,101 g/kmB,EURO6,Non,45688,12 mois,,,Fiat Autoexpert ALTA,
4,Fiat,E105032802,FIAT TIPO II SW 1.3 MULTIJET 95 S/S EASY BUSINESS,TIPO 2 SW,11490,2017,non requis,Diesel,mécanique,NOIR,NOIR,5,5,non,5 CV,95 ch,2,99 g/kmA,EURO6,Non,48160,12 mois,,,,
5,Fiat,E106233500,FIAT FREEMONT 2.0 16V MULTIJET 140 URBAN 4X2,FREEMONT,11990,2013,requis,Diesel,mécanique,noir,,5,7,non,8 CV,140 ch,2,169 g/kmE,EURO5,Non,83197,,,,,
6,Fiat,E105586693,FIAT 500 II (2) 1.2 8V 69 LOUNGE,500 (2E GENERATION),9490,2018,non requis,Essence,mécanique,Coloris Pastel Bossa Nova White,,3,4,non,4 CV,69 ch,1,115 g/kmB,EURO6,Oui,21928,12 mois,,en cours,Fiat Autoexpert ALTA,
7,Fiat,E106332825,FIAT 500 II (2) C 1.2 8V 69 STAR,500 C,16980,2019,non requis,Essence,mécanique,Bordeau,,2,4,oui,4 CV,69 ch,1,109 g/kmB,EURO6,Oui,4500,,,en cours,,
8,Fiat,E105935903,FIAT 500 II (2) 1.2 8V 69 STAR,500 (2E GENERATION),12480,2020,non requis,Essence,mécanique,blanc,,3,4,non,4 CV,69 ch,1,109 g/kmB,EURO6,Oui,10,,,en cours,,
9,Fiat,E105985464,FIAT 500 II (2) 1.2 8V 69 LOUNGE,500 (2E GENERATION),10700,2018,non requis,Essence,mécanique,INCONN,,3,4,non,4 CV,69 ch,1,116 g/kmB,EURO6,Oui,18900,,,en cours,,
10,Fiat,E106271111,FIAT 500 II (2) C 1.2 8V 69 LOUNGE,500 C,13490,2019,non requis,Essence,mécanique,GRIS ELECTRO,,2,4,non,4 CV,69 ch,1,116 g/kmB,EURO6,Oui,10,16 mois,,en cours,,
11,Fiat,E106233498,FIAT 500 69CH BICOLOR EDITION S&S 1.2I BLEU/BLANC PHASE 1,500 (2E GENERATION),6490,2011,requis,Essence,mécanique,bleu clair,,3,,non,4 CV,0 ch,,110 g/kmB,,Non,89385,,,,,
12,Fiat,E106020232,FIAT TIPO II 1.4 95 5CV EASY 5P,TIPO 2,12900,2018,non requis,Essence,mécanique,BLEU F,,5,5,non,5 CV,95 ch,1,129 g/kmC,EURO6,Non,18490,12 mois,,en cours,,
13,Fiat,E106352007,FIAT 500 X 1.4 MULTIAIR 140 LOUNGE 4X2 DCT,500 X,14490,2017,non requis,Essence,automatique,gris Argento métallisé,,5,5,non,7 CV,140 ch,1,133 g/kmC,EURO6,Non,52386,,,,,
14,Fiat,W101664283,FIAT 500 II (2) 1.2 8V 69 LOUNGE,500 (2E GENERATION),9990,2018,non requis,Essence,mécanique,rouge metal,tissu beige,3,4,oui,4 CV,69 ch,1,116 g/kmB,EURO6,Oui,21200,12 mois,2,en cours,Opel Sélection Select,
15,Fiat,E105751939,FIAT TIPO II 1.4 95 5CV EASY 5P,TIPO 2,11980,2018,non requis,Essence,mécanique,Grigio Maest,,5,5,non,5 CV,95 ch,1,129 g/kmC,EURO6,Non,26414,12 mois,,en cours,Fiat Autoexpert ALTA,
16,Fiat,W101714535,FIAT 500 II (2) 1.2 8V 69 LOUNGE,500 (2E GENERATION),10490,2018,non requis,Essence,mécanique,gris foncé metal,tissu gris,3,4,oui,4 CV,69 ch,1,115 g/kmB,EURO6,Oui,16000,,1,en cours,,
1,Ford,W101703175,FORD RANGER III (2) 3.2 TDCI 200 SUPER CAB LIMITED AUTO,RANGER 3,29750,2017,non requis,Diesel,automatique,blanc verni,cuir gris,4,5,non,11 CV,200 ch,2,228 g/kmF,EURO6,Non,39600,12 mois,,,,
2,Ford,W101709183,FORD F150 2020 RAPTOR SUPERCREW 802A LUXURY,F150,91560,2020,non requis,Essence,mécanique,gris anthracite metal,cuir noir,4,,oui,20 CV,450 ch,,,,Non,15,24 mois,,,,Importé
3,Ford,W101709063,FORD F150 2020 RAPTOR SUPERCREW 802A LUXURY,F150,91560,2020,non requis,Essence,mécanique,noir metal,cuir noir,4,,oui,20 CV,450 ch,,,,Non,15,24 mois,,,,Importé
4,Ford,W101709209,FORD F150 2020 RAPTOR SUPERCREW 802A LUXURY,F150,91560,2020,non requis,Essence,mécanique,gris anthracite metal,cuir noir,4,,oui,20 CV,450 ch,,,,Non,15,24 mois,,,,Importé
5,Ford,W101709177,FORD F150 2020 RAPTOR SUPERCREW 802A LUXURY,F150,91560,2020,non requis,Essence,mécanique,gris anthracite metal,cuir noir,4,,oui,20 CV,450 ch,,,,Non,15,24 mois,,,,Importé
6,Ford,W101716059,FORD F150 2019 RAPTOR SUPERCREW 802A LUXURY,F150,84960,2020,non requis,Essence,automatique,noir metal,cuir noir,4,,oui,20 CV,450 ch,,,,Non,15,24 mois,,,,Importé
7,Ford,W101709163,FORD F150 2020 RAPTOR SUPERCREW 802A LUXURY,F150,91560,2020,non requis,Essence,mécanique,gris anthracite metal,cuir noir,4,,oui,20 CV,450 ch,,,,Non,15,24 mois,,,,Importé
8,Ford,W101709095,FORD F150 2020 RAPTOR SUPERCREW 802A LUXURY,F150,91560,2020,non requis,Essence,mécanique,noir metal,cuir noir,4,,oui,20 CV,450 ch,,,,Non,15,24 mois,,,,Importé
9,Ford,W101716326,FORD F150 2019 RAPTOR SUPERCREW 802A LUXURY,F150,84960,2020,non requis,Essence,automatique,noir metal,cuir noir,4,,oui,20 CV,450 ch,,,,Non,15,24 mois,,,,Importé
10,Ford,W101700846,FORD FOCUS III (2) 1.5 TDCI 120 S&S TITANIUM 5P,FOCUS 3,16000,2017,non requis,Diesel,mécanique,blanc verni,tissu noir,5,5,oui,6 CV,120 ch,2,99 g/kmA,EURO6,Non,17850,12 mois,1,,,
11,Ford,W101716329,FORD F150 2019 RAPTOR SUPERCREW 802A LUXURY,F150,84960,2020,non requis,Essence,automatique,blanc,cuir noir,4,,oui,20 CV,450 ch,,,,Non,15,24 mois,,,,Importé
12,Ford,W101716325,FORD F150 2019 RAPTOR SUPERCREW 802A LUXURY,F150,84960,2020,non requis,Essence,automatique,noir metal,cuir noir,4,,oui,20 CV,450 ch,,,,Non,15,24 mois,,,,Importé
13,Ford,W101709053,FORD F150 2020 RAPTOR SUPERCREW 802A LUXURY,F150,91560,2020,non requis,Essence,mécanique,noir metal,cuir noir,4,,oui,20 CV,450 ch,,,,Non,15,24 mois,,,,Importé
14,Ford,W101709097,FORD F150 2020 RAPTOR SUPERCREW 802A LUXURY,F150,91560,2020,non requis,Essence,mécanique,noir metal,cuir noir,4,,oui,20 CV,450 ch,,,,Non,15,24 mois,,,,Importé
15,Ford,W101716328,FORD F150 2019 RAPTOR SUPERCREW 802A LUXURY,F150,84960,2020,non requis,Essence,automatique,blanc metal,cuir noir,4,,oui,20 CV,450 ch,,,,Non,15,24 mois,,,,Importé
16,Ford,W101709155,FORD F150 2020 RAPTOR SUPERCREW 802A LUXURY,F150,91560,2020,non requis,Essence,mécanique,gris anthracite metal,cuir noir,4,,oui,20 CV,450 ch,,,,Non,15,24 mois,,,,Importé
1,Ford,W101709201,FORD F150 2020 RAPTOR SUPERCREW 802A LUXURY,F150,91560,2020,non requis,Essence,mécanique,gris anthracite metal,cuir noir,4,,oui,20 CV,450 ch,,,,Non,15,24 mois,,,,Importé
2,Ford,E106147371,FORD FOCUS III 1.0 SCTI 100 S&S ECOBOOST TITANIUM BVM5 5P,FOCUS 3,7990,2014,requis,Essence,mécanique,rouge,,5,5,non,5 CV,100 ch,1,109 g/kmB,EURO5,Oui,83000,,,,,
3,Ford,W101719211,FORD RANGER II 4X4 3.2 TDCI 200 DOUBLE CABINE WILDTRAK,RANGER 2,21900,2015,requis,Diesel,mécanique,blanc verni,cuir/tissu noir,4,5,non,11 CV,200 ch,2,261 g/kmG,EURO5,Non,66500,6 mois,2,,,
4,Ford,W101709215,FORD F150 2020 RAPTOR SUPERCREW 802A LUXURY,F150,91560,2020,non requis,Essence,mécanique,gris anthracite metal,cuir noir,4,,oui,20 CV,450 ch,,,,Non,15,24 mois,,,,Importé
5,Ford,W101709087,FORD F150 2020 RAPTOR SUPERCREW 802A LUXURY,F150,91560,2020,non requis,Essence,mécanique,noir metal,cuir noir,4,,oui,20 CV,450 ch,,,,Non,15,24 mois,,,,Importé
6,Ford,W101709174,FORD F150 2020 RAPTOR SUPERCREW 802A LUXURY,F150,91560,2020,non requis,Essence,mécanique,gris anthracite metal,cuir noir,4,,oui,20 CV,450 ch,,,,Non,15,24 mois,,,,Importé
7,Ford,W101708640,FORD F150 2020 RAPTOR SUPERCREW 802A LUXURY,F150,91560,2020,non requis,Essence,mécanique,noir metal,cuir noir,4,,oui,20 CV,450 ch,,,,Non,15,24 mois,,,,Importé
8,Ford,B101162169,FORD MUSTANG V CABRIOLET 4.6 V8 300 PREMIUM,MUSTANG 5 CABRIOLET,49000,2007,requis,Essence,mécanique,noir verni,cuir noir,2,4,non,26 CV,305 ch,2,0 g/kmA,EURO4,Non,64000,,2,,,
9,Ford,E105573640,FORD S-MAX II 2.0 TDCI 150 S&S TITANIUM POWERSHIFT,S-MAX 2,19900,2017,non requis,Diesel,automatique,gris clair,noir,5,7,non,8 CV,150 ch,2,129 g/kmC,EURO6,Non,62575,6 mois,,,,
10,Ford,E106278662,FORD GRAND C-MAX II 1.6 TDCI 115 FAP TITANIUM BVM6,GRAND C-MAX 2,8990,2011,requis,Diesel,mécanique,noir,,5,7,non,6 CV,115 ch,2,124 g/kmC,EURO5,Non,116500,,,,,
11,Ford,E106248528,FORD FIESTA V (2) 1.0 ECOBOOST 140 S&S RED EDITION 3P,FIESTA 5,9990,2015,requis,Essence,mécanique,rouge,,3,5,non,7 CV,140 ch,1,99 g/kmA,EURO6,Oui,54272,12 mois,,,,
12,Ford,W101707764,FORD B-MAX 1.0 ECOBOOST S&S 125 TITANIUM BVM,B-MAX,9500,2014,requis,Essence,mécanique,blanc verni,tissu noir,5,5,non,6 CV,125 ch,1,114 g/kmB,EURO5,Oui,53561,6 mois,2,,,
13,Ford,E106218394,FORD ECOSPORT (2) 1.0 ECOBOOST 125 6CV ST LINE,ECOSPORT,15950,2018,non requis,Essence,mécanique,gris clair,,5,5,oui,6 CV,125 ch,1,120 g/kmB,EURO6,Non,17810,,,en cours,,
14,Ford,W101685566,FORD TOURNEO CONNECT II 1.6 TD 95 TREND,TOURNEO CONNECT 2,8490,2015,non requis,Diesel,mécanique,gris foncé metal,tissu noir,5,5,non,5 CV,95 ch,2,130 g/kmC,EURO5,Non,109528,3 mois,2,,,
15,Ford,W101688102,FORD FOCUS III 1.6 TDCI 105 ECONETIC TECHNOLOGY 88G TITANIUM,FOCUS 3,8490,2013,requis,Diesel,mécanique,blanc opaque (verni sans reflet),tissu noir,5,5,oui,5 CV,105 ch,2,88 g/kmA,EURO5,Non,94015,3 mois,1,,,
16,Ford,B101111804,FORD MUSTANG 4.9 V8 302 CI,MUSTANG COUPE,34900,1969,requis,Essence,automatique,beige verni,simili cuir beige,3,,non,28 CV,0 ch,,0 g/kmA,,Non,19800,,,,,
1,Mercedes,E105999637,MERCEDES GLC COUPE 220 D SPORTLINE 4MATIC,GLC COUPE,40890,2016,non requis,Diesel,automatique,noir,noir,5,5,non,9 CV,170 ch,2,131 g/kmC,EURO6,Non,22900,,,,,
2,Mercedes,W101710834,MERCEDES CLASSE A III 180 SENSATION,CLASSE A 3,13980,2012,requis,Essence,mécanique,noir metal,cuir fauve,5,5,non,7 CV,122 ch,1,131 g/kmC,EURO5,Non,73200,6 mois,,,,
3,Mercedes,E106141112,MERCEDES CLA (2) 180 D FASCINATION 7G-DCT,CLA,23980,2017,non requis,Diesel,automatique,blanc,noir,4,5,non,5 CV,109 ch,2,104 g/kmB,EURO6,Non,61533,,,,,
4,Mercedes,E105961090,MERCEDES GLC COUPE 250 D SPORTLINE 4MATIC,GLC COUPE,39890,2016,non requis,Diesel,automatique,gris,noir,5,5,non,11 CV,204 ch,2,143 g/kmD,EURO6,Non,86892,,,,,
5,Mercedes,W101709715,MERCEDES CLA 200 FASCINATION,CLA,19680,2013,requis,Essence,mécanique,noir metal,cuir noir,4,5,oui,8 CV,156 ch,1,133 g/kmC,EURO6,Non,85640,6 mois,,,,
6,Mercedes,E106269494,MERCEDES CLA (2) 200 D FASCINATION 7G-DCT,CLA,23980,2016,non requis,Diesel,automatique,noir,noir,4,5,non,7 CV,136 ch,2,141 g/kmD,EURO6,Non,74583,,,,,
7,Mercedes,W101702907,MERCEDES CLASSE A III 200 CDI 2.1 SENSATION,CLASSE A 3,16290,2015,non requis,Diesel,mécanique,gris metal,cuir noir,5,5,oui,7 CV,136 ch,2,114 g/kmB,EURO6,Non,103920,12 mois,,,,
8,Mercedes,E106291468,MERCEDES GLC 250 D FASCINATION 4MATIC 9G-TRONIC,GLC,32990,2017,non requis,Diesel,automatique,marron,,5,5,non,11 CV,204 ch,2,129 g/kmC,EURO6,Non,79900,,,,,
9,Mercedes,E105377340,MERCEDES GLC 250 D SPORTLINE 4MATIC,GLC,36890,2017,non requis,Diesel,automatique,noir,noir,5,5,non,11 CV,204 ch,2,129 g/kmC,EURO6,Non,91460,,,,,
10,Mercedes,W101711446,MERCEDES GLC 250 D EXECUTIVE 4MATIC,GLC,24900,2016,non requis,Diesel,automatique,gris clair metal,cuir noir,5,5,non,11 CV,204 ch,2,129 g/kmC,EURO6,Non,175000,6 mois,2,,,
11,Mercedes,W101705393,MERCEDES GLC COUPE 350E FASCINATION 4MATIC,GLC COUPE,44990,2017,non requis,Hybride essence électrique,automatique,gris foncé metal,cuir rouge,5,5,non,10 CV,211 ch,1,64 g/kmA,EURO6,Non,55000,24 mois,2,,,
12,Mercedes,W101717614,MERCEDES CLASSE M III 350 BLUETEC 4MATIC SPORT 7G-TRONIC,CLASSE M 3,27990,2013,requis,Diesel,automatique,or metal,cuir marron,5,5,non,16 CV,258 ch,2,187 g/kmE,EURO6,Non,73579,3 mois,,,,
13,Mercedes,E106236849,MERCEDES CLASSE A IV 180 D STYLE LINE 7G-DCT,CLASSE A 4,24980,2018,non requis,Diesel,automatique,noir,noir,5,5,non,6 CV,116 ch,2,107 g/kmB,EURO6,Non,19860,,,en cours,,
14,Mercedes,E106306023,MERCEDES CLASSE S VI (2) 500 BLUEEFFICIENCY L 4MATIC BA7 7G-TRONIC,CLASSE S 6,16990,2011,requis,Essence,automatique,noir,,4,5,non,33 CV,435 ch,1,230 g/kmF,EURO5,Non,237900,,,,,
15,Mercedes,E106283933,MERCEDES CLASSE C III 220 CDI CLASSIC,CLASSE C 3,7990,2009,requis,Diesel,mécanique,gris,,4,5,non,10 CV,170 ch,3,160 g/kmD,EURO4,Non,178900,,,,,
16,Mercedes,E106278664,MERCEDES CLASSE E 220 AMG + LED,CLASSE E 3 BREAK,19990,2014,requis,Diesel,automatique,blanc,noir,5,,non,9 CV,0 ch,,127 g/kmC,,Non,149500,,,,,
1,Mercedes,W101711372,MERCEDES SLS COUPE V8 6.3 AMG SPEEDSHIFT DCT,SLS AMG,179000,2010,requis,Essence,automatique,gris clair metal,cuir noir,2,2,non,50 CV,571 ch,1,308 g/kmG,EURO5,Non,48500,,,,,
2,Mercedes,W101689772,MERCEDES CLASSE C IV SW 220 BLUETEC EXECUTIVE 7G-TRONIC,CLASSE C 4 SW,20900,2015,requis,Diesel,automatique,gris foncé metal,cuir/tissu noir,5,5,non,9 CV,170 ch,2,114 g/kmB,EURO6,Non,110000,6 mois,2,,,
3,Mercedes,E106127848,MERCEDES CLASSE B (2) 180 CDI DESIGN,CLASSE B,5990,2010,requis,Diesel,mécanique,noir,,5,5,non,6 CV,109 ch,3,139 g/kmC,EURO4,Non,195800,,,,,
4,Mercedes,E105724210,MERCEDES CLASSE A IV 180 D STYLE LINE 7G-DCT,CLASSE A 4,24980,2018,non requis,Diesel,automatique,rouge,noir,5,5,non,6 CV,116 ch,2,107 g/kmB,EURO6,Non,17690,,,en cours,,
5,Mercedes,E106043353,MERCEDES CLASSE S VII 500 35CV EXECUTIVE 4MATIC 9G-TRONIC,CLASSE S 7,84990,2017,non requis,Essence,automatique,noir,,4,5,non,35 CV,455 ch,1,207 g/kmF,EURO6,Non,10440,,,,,
6,Mercedes,W101718255,MERCEDES SL 500 32S BVA,SL,15490,1995,requis,Essence,automatique,bleu metal,cuir gris,2,2,non,32 CV,319 ch,,340 g/kmG,EURO1,Non,182585,3 mois,6,,,
7,Mercedes,W101692445,MERCEDES CLASSE C IV CABRIOLET 200 SPORTLINE 9G-TRONIC,CLASSE C 4 CABRIOLET,35950,2016,non requis,Essence,automatique,blanc nacre,cuir/alcantara noir,2,4,non,10 CV,184 ch,1,150 g/kmD,EURO6,Non,51900,20 mois,2,,,
8,Mercedes,W101691178,MERCEDES GLA 200 CDI BUSINESS EXECUTIVE,GLA,16900,2014,requis,Diesel,mécanique,gris clair metal,cuir/tissu noir,5,5,non,7 CV,136 ch,2,114 g/kmB,EURO6,Non,147000,6 mois,2,,,
9,Mercedes,E106278640,MERCEDES CLASSE E IV (2) 300 BLUETEC EXECUTIVE,CLASSE E 4,19990,2013,requis,Diesel,automatique,noir,,5,5,non,13 CV,231 ch,2,157 g/kmD,EURO6,Non,105500,,,,,
10,Mercedes,E106127849,MERCEDES CLASSE C III (2) SW 220 CDI BLUEEFFICIENCY SPORTLINE 7G-TRONIC,CLASSE C 3 SW,13990,2012,requis,Diesel,automatique,noir,,5,5,non,9 CV,170 ch,2,135 g/kmC,EURO5,Non,172900,,,,,
11,Mercedes,E105921240,MERCEDES GLE COUPE 350 D SPORTLINE 4MATIC,GLE COUPE,48480,2016,non requis,Diesel,automatique,gris foncé,,5,5,oui,16 CV,259 ch,2,187 g/kmE,EURO6,Non,66590,6 mois,1,,,
12,Mercedes,E105724208,MERCEDES CLASSE A IV 180 D STYLE LINE 7G-DCT,CLASSE A 4,25890,2019,non requis,Diesel,automatique,noir,noir,5,5,non,6 CV,116 ch,2,107 g/kmB,EURO6,Non,14990,,,en cours,,
13,Mercedes,E106102055,MERCEDES CLASSE C IV (2) CABRIOLET 200 AMG LINE,CLASSE C 4 CABRIOLET,39390,2019,non requis,Hybride essence électrique,automatique,noir,,2,4,non,10 CV, ch,1,154 g/kmD,EURO6,Non,9146,24 mois,,en cours,,
14,Mercedes,W101690900,MERCEDES CLA (2) SHOOTING BRAKE 220 D SENSATION 7G-DCT,CLA SHOOTING BRAKE,29900,2017,non requis,Diesel,automatique,bleu metal,cuir noir,5,5,non,9 CV,177 ch,2,108 g/kmB,EURO6,Non,22000,6 mois,4,,,
15,Mercedes,E106324638,MERCEDES CLASSE M 63 AMG 557CV PACK PERFORMANCE,CLASSE M 3 AMG,39990,2012,requis,Essence,automatique,gris,noir,5,,non,48 CV,0 ch,,276 g/kmG,,Non,144900,,,,,Européen
16,Mercedes,W101685574,MERCEDES CLASSE G III 63 AMG LONG 7G-TRONIC SPEEDSHIFT PLUS AMG,CLASSE G 3 AMG,94900,2012,requis,Essence,automatique,blanc nacre,cuir noir,5,5,non,47 CV,544 ch,1,322 g/kmG,EURO5,Non,49000,12 mois,,,,
1,Nissan,E106245762,NISSAN QASHQAI II 1.2 DIG-T 115 CONNECT EDITION XTRONIC,QASHQAI 2,15990,2016,non requis,Essence,automatique,gris,,5,5,non,6 CV,115 ch,1,129 g/kmC,EURO6,Non,47900,,,,,
2,Nissan,W101685171,NISSAN X-TRAIL III 2.0 DCI 177 TEKNA XTRONIC,X-TRAIL 3,22490,2017,non requis,Diesel,automatique,blanc verni,cuir noir,5,5,oui,10 CV,177 ch,2,152 g/kmD,EURO6,Non,37250,3 mois,1,en cours,,
3,Nissan,E106105046,NISSAN QASHQAI II (2) 1.3 DIG-T 140 N-CONNECTA,QASHQAI 2,20370,2019,non requis,Essence,mécanique,blanc,,5,5,oui,7 CV,140 ch,1,124 g/kmC,EURO6,Non,10,28 mois,,en cours,,
4,Nissan,W101711793,NISSAN JUKE (2) 1.5 DCI 110 TEKNA,JUKE,12990,2016,non requis,Diesel,mécanique,noir metal,cuir noir,5,5,oui,5 CV,110 ch,2,104 g/kmB,EURO6,Non,64700,6 mois,1,,,
5,Nissan,E106267890,NISSAN MICRA V 1.5 DCI 90 N-CONNECTA,MICRA 5,11590,2017,non requis,Diesel,mécanique,bleu,,5,5,oui,4 CV,90 ch,2,92 g/kmA,EURO6,Non,40816,6 mois,,,,
6,Nissan,W101650902,NISSAN QASHQAI II (2) 1.3 DIG-T 140 ACENTA,QASHQAI 2,18490,2018,non requis,Essence,mécanique,gris clair metal,cuir/tissu noir,5,5,oui,7 CV,140 ch,1,124 g/kmC,EURO6,Non,12000,14 mois,2,en cours,,
7,Nissan,E106267889,NISSAN X-TRAIL III 1.6 DCI 130 ALL-MODE 4X4-I TEKNA 7PL,X-TRAIL 3,18900,2016,non requis,Diesel,mécanique,blanc,,5,7,oui,7 CV,131 ch,2,143 g/kmD,EURO6,Non,64723,,,,,
8,Nissan,E105789917,NISSAN NOTE II 1.5 DCI 90 N-CONNECTA FAMILY,NOTE 2,12390,2017,non requis,Diesel,mécanique,noir,,5,5,non,4 CV,90 ch,2,93 g/kmA,EURO6,Non,31264,,,,,
9,Nissan,E105789957,NISSAN JUKE (2) 1.2 DIG-T 115 N-VISION,JUKE,12900,2016,non requis,Essence,mécanique,noir,,5,5,non,6 CV,116 ch,1,130 g/kmC,EURO6,Non,66722,12 mois,,,,
10,Nissan,W101654708,NISSAN JUKE (2) 1.5 DCI 110 N-CONNECTA,JUKE,12950,2016,non requis,Diesel,mécanique,noir nacre,velours gris,5,5,non,5 CV,110 ch,2,104 g/kmB,EURO6,Non,68366,3 mois,2,,,
11,Nissan,W101718714,NISSAN JUKE 1.5 DCI 110 FAP DEEZER,JUKE,8970,2012,requis,Diesel,mécanique,noir metal,cuir noir,5,5,non,6 CV,110 ch,2,129 g/kmC,EURO5,Non,135500,12 mois,3,,,
12,Nissan,E106267894,NISSAN JUKE (2) 1.5 DCI 110 TEKNA,JUKE,13950,2017,non requis,Diesel,mécanique,gris foncé,,5,5,oui,5 CV,110 ch,2,107 g/kmB,EURO6,Non,69461,6 mois,,en cours,,
13,Nissan,E105937206,NISSAN X-TRAIL III 1.6 DCI 130 N-CONNECTA 7PL,X-TRAIL 3,20490,2017,non requis,Diesel,mécanique,Gris,,5,7,oui,7 CV,131 ch,2,133 g/kmC,EURO6,Non,38001,6 mois,2,,Renault Garantie PRIX FUTE,
14,Nissan,E105843565,NISSAN QASHQAI II (2) 1.2 DIG-T 115 N-CONNECTA,QASHQAI 2,18490,2018,non requis,Essence,mécanique,noir,,5,5,oui,6 CV,116 ch,1,129 g/kmC,EURO6,Non,15579,,1,en cours,,
15,Nissan,E106336306,NISSAN QASHQAI II (2) 1.3 DIG-T 160 TEKNA DCT7,QASHQAI 2,26990,2019,non requis,Essence,automatique,Gris Foncé Métal,,5,5,oui,8 CV,160 ch,1,125 g/kmC,EURO6,Non,10,,,en cours,,
16,Nissan,E106040285,NISSAN QASHQAI (2) 1.6 DCI 130 STOP/START 360,QASHQAI,10990,2013,requis,Diesel,mécanique,gris,,5,5,non,7 CV,130 ch,2,119 g/kmB,EURO5,Non,106900,6 mois,,,,
1,Nissan,W101592117,NISSAN GT-R (2) 3.8 V6 600 NISMO 4WD,GT-R,125900,2015,non requis,Essence,automatique,noir metal,cuir/alcantara noir,2,4,non,53 CV,600 ch,1,275 g/kmG,EURO5,Non,25000,,,,,
2,Nissan,E105989962,NISSAN X-TRAIL III 1.6 DCI 130 ACENTA,X-TRAIL 3,14450,2015,non requis,Diesel,mécanique,Gris,,5,5,oui,7 CV,131 ch,2,129 g/kmC,EURO5,Non,76113,6 mois,2,,Renault Garantie PRIX FUTE,
3,Nissan,E105525141,NISSAN MICRA V 0.9 IG-T 90 5CV N-CONNECTA,MICRA 5,14890,2018,non requis,Essence,mécanique,GRIS ALU,,5,5,non,5 CV,90 ch,1,118 g/kmB,EURO6,Non,3450,12 mois,,en cours,Occasions du Lion PREMIUM,
4,Nissan,E106298149,NISSAN QASHQAI II 1.5 DCI 110 CONNECT EDITION,QASHQAI 2,16789,2016,non requis,Diesel,mécanique,gris,,5,5,non,5 CV,110 ch,2,103 g/kmB,EURO6,Non,42786,12 mois,2,,CITROEN select,
5,Nissan,E105997968,NISSAN QASHQAI II (2) 1.2 DIG-T 115 N-CONNECTA + LED,QASHQAI 2,19470,2018,non requis,Essence,mécanique,NOIR METAL,NOIR,5,,oui,6 CV,0 ch,,129 g/kmC,,Non,60,17 mois,,,,Européen
6,Nissan,E106336304,NISSAN MICRA V 1.0 IG-T 100 TEKNA XTRONIC,MICRA 5,17990,2019,non requis,Essence,automatique,Rouge Métal,,5,5,oui,5 CV,100 ch,1,108 g/kmB,EURO6,Oui,115,,,en cours,,
7,Nissan,E105126626,NISSAN QASHQAI II (2) 1.3 DIG-T 140 N-CONNECTA,QASHQAI 2,19980,2018,non requis,Essence,mécanique,blanc,,5,5,oui,7 CV,140 ch,1,124 g/kmC,EURO6,Non,21787,36 mois,,,,
8,Nissan,E106336289,NISSAN QASHQAI II (2) 1.5 DCI 115 TEKNA,QASHQAI 2,25890,2019,non requis,Diesel,mécanique,Gris Clair Métal,,5,5,non,6 CV,115 ch,2,105 g/kmB,EURO6,Oui,10,,,en cours,,
9,Nissan,E106061973,NISSAN LEAF (2) 109HP ACENTA 24KWH,LEAF,13990,2016,non requis,Electrique,automatique,Blanc,,5,5,oui,3 CV,109 ch,0,0 g/kmA,EURO6,Oui,26292,12 mois,,,Nissan club occasions,
10,Nissan,E106300566,NISSAN JUKE (2) 1.2 DIG-T 115 CONNECT EDITION,JUKE,11780,2015,non requis,Essence,mécanique,jaune,,5,5,non,6 CV,115 ch,1,126 g/kmC,EURO6,Non,52500,,,,,
11,Nissan,E106220571,NISSAN QASHQAI II 1.5 DCI 110 CONNECT EDITION,QASHQAI 2,13490,2014,requis,Diesel,mécanique,Blanc Métal,,5,5,non,5 CV,110 ch,2,99 g/kmA,EURO5,Non,87331,12 mois,,,Nissan club occasions,
12,Nissan,W101658048,NISSAN X-TRAIL III 1.6 DCI 130 TEKNA 7PL,X-TRAIL 3,19900,2017,non requis,Diesel,mécanique,blanc opaque (verni sans reflet),tissu noir,5,7,oui,7 CV,130 ch,2,133 g/kmC,EURO6,Non,66111,12 mois,,en cours,CITROEN select,
13,Nissan,E105656371,NISSAN QASHQAI II (2) 1.2 DIG-T 115 TEKNA+,QASHQAI 2,21090,2018,non requis,Essence,mécanique,gris,,5,5,oui,6 CV,116 ch,1,129 g/kmC,EURO6,Non,11576,,1,en cours,,
14,Nissan,E106165276,NISSAN QASHQAI II (2) 1.2 DIG-T 115 N-CONNECTA,QASHQAI 2,17700,2017,non requis,Essence,mécanique,noir,,5,5,oui,6 CV,116 ch,1,129 g/kmC,EURO6,Non,9657,12 mois,1,en cours,CITROEN select,
15,Nissan,E105735877,NISSAN X-TRAIL III 1.6 DCI 130 ALL-MODE TEKNA,X-TRAIL 3,20990,2016,non requis,Diesel,mécanique,Gris Foncé Métal,,5,5,oui,7 CV,130 ch,2,139 g/kmC,EURO5,Non,52161,12 mois,,,Nissan club occasions,
16,Nissan,E106039866,NISSAN QASHQAI II (2) 1.3 DIG-T 140 TEKNA+,QASHQAI 2,22590,2019,non requis,Essence,mécanique,gris,,5,5,oui,7 CV,140 ch,1,124 g/kmC,EURO6,Non,9378,,1,en cours,,
1,Opel,E105717725,OPEL INSIGNIA (2) 1.6 CDTI 136 ECOFLEX INNOVATION,INSIGNIA,18390,2017,non requis,Diesel,mécanique,gris clair,,5,5,non,7 CV,136 ch,2,113 g/kmB,EURO6,Non,26594,,,,,
2,Opel,W101701297,OPEL MOKKA 1.6 CDTI 136 4X2 ECOFLEX S/S COSMO PACK,MOKKA,10990,2015,non requis,Diesel,mécanique,gris metal,cuir gris,5,5,non,7 CV,136 ch,2,114 g/kmB,EURO6,Non,114800,6 mois,,,,
3,Opel,W101690080,OPEL GRANDLAND X 1.5 DIESEL 130 ELITE AUTOMATIQUE,GRANDLAND X,33490,2019,non requis,Diesel,automatique,noir metal,cuir/tissu noir,5,5,oui,6 CV,131 ch,2,98 g/kmA,EURO6,Oui,5000,20 mois,1,en cours,,
4,Opel,E106278667,OPEL CORSA V 1.4 90 EDITION 5P,CORSA 5,6990,2015,requis,Essence,mécanique,bleu,,5,5,non,5 CV,90 ch,1,128 g/kmC,EURO6,Non,95500,,,,,
5,Opel,E106000778,OPEL GRANDLAND X 1.6 HYBRID4 300 4WD ULTIMATE AUTOMATIQUE,GRANDLAND X,47500,2020,non requis,Hybride essence électrique,automatique,blanc,noir,5,5,non,9 CV, ch,1,33 g/kmA,EURO6,Oui,21,34 mois,,en cours,,
6,Opel,W101707501,OPEL COMBO LIFE 1.5 100 START/STOP L1H1 INNOVATION,COMBO LIFE,18990,2018,non requis,Diesel,mécanique,gris foncé metal,tissu marron,5,5,oui,5 CV,102 ch,2,105 g/kmB,EURO6,Non,29451,12 mois,2,en cours,Opel Sélection Select,
7,Opel,W101719351,OPEL INSIGNIA (2) 2.8 V6 TURBO 325 OPC 4P,INSIGNIA OPC,24990,2012,requis,Essence,mécanique,bleu verni,cuir noir,4,5,non,23 CV,325 ch,1,249 g/kmF,EURO5,Non,58000,3 mois,,,,
8,Opel,W101690113,OPEL GRANDLAND X 1.5 DIESEL 130 DESIGN LINE,GRANDLAND X,27990,2019,non requis,Diesel,mécanique,gris foncé metal,cuir/tissu gris/bleu,5,5,oui,6 CV,131 ch,2,106 g/kmB,EURO6,Oui,7000,21 mois,1,en cours,,
9,Opel,E106182430,OPEL CROSSLAND X 1.2 TURBO 130 DESIGN 120 ANS AUTO,CROSSLAND X,24195,2020,non requis,Essence,automatique,gris,noir,5,5,non,6 CV,131 ch,1,108 g/kmB,EURO6,Oui,1,35 mois,,en cours,,
10,Opel,W101689311,OPEL MOKKA X 1.4 TURBO 140 INNOVATION 120 ANS,MOKKA X,21990,2019,non requis,Essence,mécanique,gris foncé metal,cuir/tissu noir,5,5,oui,8 CV,140 ch,1,147 g/kmD,EURO6,Non,100,18 mois,1,en cours,,
11,Opel,W101687116,OPEL GRANDLAND X 1.2 TURBO 130 INNOVATION AUTOMATIQUE,GRANDLAND X,20900,2018,non requis,Essence,automatique,blanc verni,tissu noir,5,5,oui,7 CV,131 ch,1,127 g/kmC,EURO6,Non,36000,12 mois,1,,,
12,Opel,E105655696,OPEL CORSA VI 1.2 TURBO 130 GS LINE AUTO 5P,CORSA 6,23790,2019,non requis,Essence,automatique,orange,noir,5,5,non,6 CV,131 ch,1,101 g/kmB,EURO6,Oui,10,44 mois,,en cours,,
13,Opel,W101689151,OPEL CORSA VI 1.2 TURBO 100 EDITION 5P,CORSA 6,18790,2019,non requis,Essence,mécanique,blanc verni,tissu gris/bleu,5,5,oui,5 CV,101 ch,1,96 g/kmA,EURO6,Oui,3000,21 mois,1,en cours,,
14,Opel,W101660089,OPEL ZAFIRA III (2) 1.6 CDTI 134 BLUEINJECTION ELITE,ZAFIRA 3,14990,2016,non requis,Diesel,mécanique,blanc verni,tissu gris/bleu,5,7,oui,7 CV,136 ch,2,109 g/kmB,EURO6,Non,76900,12 mois,2,,Opel Sélection Select,
15,Opel,E106063358,OPEL MOKKA 1.6 CDTI 136 4X2 ECOFLEX S/S COLOR EDITION,MOKKA,10300,2015,requis,Diesel,mécanique,blanc,,5,5,non,7 CV,136 ch,2,114 g/kmB,EURO6,Non,110757,3 mois,,,,
16,Opel,E105984073,OPEL MOKKA X 1.6 CDTI 136 4X2 COLOR EDITION,MOKKA X,14290,2016,non requis,Diesel,mécanique,gris,,5,5,non,7 CV,136 ch,2,114 g/kmB,EURO6,Non,54472,3 mois,,,,
1,Opel,E106063355,OPEL CORSA V 1.4 90 DESIGN 120 ANS 5P,CORSA 5,10900,2019,non requis,Essence,mécanique,gris,,5,5,non,5 CV,90 ch,1,127 g/kmC,EURO6,Non,14906,11 mois,,en cours,,
2,Opel,E106063359,OPEL CORSA V 1.4 90 DESIGN 120 ANS 5P,CORSA 5,10800,2019,non requis,Essence,mécanique,gris,,5,5,non,5 CV,90 ch,1,127 g/kmC,EURO6,Non,23664,11 mois,,en cours,,
3,Opel,W101689268,OPEL MOKKA X 1.6 DIESEL 136 4X2 8CV INNOVATION,MOKKA X,21990,2019,non requis,Diesel,mécanique,blanc verni,cuir/tissu blanc,5,5,oui,7 CV,136 ch,2,127 g/kmC,EURO6,Non,5000,20 mois,1,en cours,,
4,Opel,E106057179,OPEL CORSA VI 1.2 TURBO 100 ELEGANCE 5P,CORSA 6,21000,2020,non requis,Essence,mécanique,noir,,5,5,non,5 CV,101 ch,1,96 g/kmA,EURO6,Oui,2,34 mois,,en cours,,
5,Opel,E105500854,OPEL GRANDLAND X 1.2 TURBO 130 DESIGN LINE,GRANDLAND X,27190,2019,non requis,Essence,mécanique,noir,noir,5,5,non,7 CV,131 ch,1,118 g/kmB,EURO6,Oui,1,31 mois,,en cours,,
6,Opel,W101689088,OPEL GRANDLAND X 1.2 TURBO 130 DESIGN LINE,GRANDLAND X,25990,2019,non requis,Essence,mécanique,blanc nacre,cuir/tissu blanc,5,5,oui,7 CV,131 ch,1,113 g/kmB,EURO6,Oui,1000,21 mois,1,en cours,,
7,Opel,W101689028,OPEL ASTRA V (2) 1.5 DIESEL 122 ULTIMATE AUTOMATIQUE,ASTRA 5,30490,2019,non requis,Diesel,automatique,noir metal,alcantara noir,5,5,oui,6 CV,122 ch,2,111 g/kmB,EURO6,Oui,5000,20 mois,1,en cours,,
8,Opel,W101706641,OPEL CORSA V 1.4 90 EDITION 5P,CORSA 5,7500,2015,non requis,Essence,mécanique,gris foncé metal,tissu noir,5,5,oui,5 CV,90 ch,1,120 g/kmB,EURO6,Non,91279,6 mois,2,,,
9,Opel,W101698766,OPEL ZAFIRA II (2) 1.9 CDTI 150 FAP COSMO PACK BVA6,ZAFIRA 2,5995,2010,requis,Diesel,automatique,foncé metal,cuir/tissu noir,5,7,oui,9 CV,150 ch,3,191 g/kmE,EURO4,Non,130000,3 mois,,,,
10,Opel,E106210343,OPEL INSIGNIA (2) SPORTS TOURER 1.6 CDTI 136 ELITE AUTO,INSIGNIA SPORTS TOURER,20900,2018,non requis,Diesel,automatique,gris clair,anthracite,5,5,non,7 CV,136 ch,2,137 g/kmC,EURO6,Non,35818,,,,,
11,Opel,E106032051,OPEL INSIGNIA II 1.6 DIESEL 136 7CV ELITE AUTOMATIQUE,INSIGNIA 2 GRAND SPORT,19900,2017,non requis,Diesel,automatique,bleu,,5,5,non,7 CV,136 ch,2,134 g/kmC,EURO6,Non,40592,3 mois,,,,
12,Opel,E106149355,OPEL MOKKA 1.6 CDTI 110 4X2 ECOFLEX S/S BUSINESS CONNECT,MOKKA,14000,2017,non requis,Diesel,mécanique,argent,anthracite,5,5,non,5 CV,110 ch,2,103 g/kmB,EURO6,Non,43137,3 mois,,,,
13,Opel,E106063356,OPEL CORSA V 1.3 CDTI 75 EDITION 5P,CORSA 5,8800,2016,non requis,Diesel,mécanique,blanc,noir,5,5,non,4 CV,75 ch,2,101 g/kmB,EURO6,Non,85405,3 mois,,,,
14,Opel,W101719406,OPEL ASTRA V 1.6 CDTI 136 INNOVATION AUTO,ASTRA 5,15290,2016,non requis,Diesel,automatique,blanc verni,cuir noir,5,5,oui,7 CV,136 ch,2,119 g/kmB,EURO6,Non,78900,9 mois,1,,,
15,Opel,E106267735,OPEL MOKKA 1.6 CDTI 136 4X2 ECOFLEX S/S COSMO PACK,MOKKA,14690,2016,non requis,Diesel,mécanique,gris anthracite,,5,5,non,7 CV,136 ch,2,114 g/kmB,EURO6,Non,58051,12 mois,,,,
16,Opel,E105330732,OPEL CORSA V 1.4 90 EDITION 5P,CORSA 5,10690,2018,non requis,Essence,mécanique,noir,noir,5,5,non,5 CV,90 ch,1,127 g/kmC,EURO6,Non,23925,,,en cours,,
1,Peugeot,W101719300,PEUGEOT 3008 II 2.0 BLUEHDI 180 S&S GT EAT8,3008 (2E GENERATION),30000,2018,non requis,Diesel,automatique,gris foncé metal,cuir/alcantara noir,5,5,oui,9 CV,177 ch,2,124 g/kmC,EURO6,Non,16900,12 mois,2,,,
2,Peugeot,E106139834,PEUGEOT 208 (2) 1.6 BLUEHDI 100 ACTIVE 5P,208,10990,2016,non requis,Diesel,mécanique,noir,,5,5,non,5 CV,100 ch,2,90 g/kmA,EURO6,Non,68613,12 mois,,,,
3,Peugeot,E106139832,PEUGEOT 208 (2) 1.2 PURETECH 82 S&S ACTIVE 5P,208,10490,2016,non requis,Essence,mécanique,noir,,5,5,non,4 CV,82 ch,1,104 g/kmB,EURO6,Oui,39160,12 mois,,,,
4,Peugeot,E106127580,PEUGEOT 508 II 2.0 BLUEHDI 160 S&S ALLURE EAT8,508 (2E GENERATION),28990,2019,non requis,Diesel,automatique,blanc,,5,5,non,8 CV,160 ch,2,118 g/kmB,EURO6,Non,27160,12 mois,,en cours,,
5,Peugeot,E106139833,PEUGEOT 208 (2) 1.6 BLUEHDI 100 ACTIVE 5P,208,10990,2016,non requis,Diesel,mécanique,noir,,5,5,non,5 CV,100 ch,2,90 g/kmA,EURO6,Non,68058,12 mois,,,,
6,Peugeot,E106119673,PEUGEOT 508 II 2.0 BLUEHDI 160 S&S ALLURE EAT8,508 (2E GENERATION),29490,2019,non requis,Diesel,automatique,gris clair,,5,5,non,8 CV,160 ch,2,118 g/kmB,EURO6,Non,25732,12 mois,,en cours,,
7,Peugeot,E106215526,PEUGEOT 208 (2) 1.6 BLUEHDI 100 ACTIVE 5P,208,10990,2016,non requis,Diesel,mécanique,noir,,5,5,non,5 CV,100 ch,2,90 g/kmA,EURO6,Non,59488,12 mois,,,,
8,Peugeot,E105694390,PEUGEOT 2008 (2) 1.2 PURETECH 130 S&S 7CV ALLURE,2008,16990,2018,non requis,Essence,mécanique,gris foncé,,5,5,non,7 CV,130 ch,1,110 g/kmB,EURO6,Oui,18393,,,,,
9,Peugeot,E106119672,PEUGEOT 508 II 2.0 BLUEHDI 160 S&S ALLURE EAT8,508 (2E GENERATION),28990,2019,non requis,Diesel,automatique,gris foncé,,5,5,non,8 CV,160 ch,2,118 g/kmB,EURO6,Non,27206,12 mois,,en cours,,
10,Peugeot,E105789922,PEUGEOT 308 II (2) SW 2.0 BLUEHDI 150 S&S ALLURE BUSINESS EAT6,308 (2E GENERATION) SW,14390,2015,non requis,Diesel,automatique,gris clair,,5,5,non,7 CV,150 ch,2,109 g/kmB,EURO6,Non,67172,12 mois,,,,
11,Peugeot,E106245314,PEUGEOT 2008 (2) PURETECH 110 S&S ALLURE EAT6,2008,16690,2019,non requis,Essence,automatique,blanc,,5,5,non,6 CV,110 ch,1,114 g/kmB,EURO6,Oui,27318,,,en cours,,
12,Peugeot,E106278670,PEUGEOT 2008 (2) 1.2 PURETECH 130 S&S CROSSWAY,2008,14990,2017,non requis,Essence,mécanique,gris,,5,5,non,7 CV,130 ch,1,110 g/kmB,EURO6,Oui,27300,,,,,
13,Peugeot,W101673313,PEUGEOT 3008 II 2.0 BLUEHDI 180 S&S GT EAT6,3008 (2E GENERATION),30990,2017,non requis,Diesel,automatique,gris foncé metal,cuir noir,5,5,oui,10 CV,181 ch,2,124 g/kmC,EURO6,Non,52000,6 mois,1,,,
14,Peugeot,W101686802,PEUGEOT 2008 (2) 1.2 PURETECH 82 STYLE,2008,13700,2017,non requis,Essence,mécanique,gris clair metal,tissu noir,5,5,non,4 CV,82 ch,1,114 g/kmB,EURO6,Oui,8400,12 mois,2,,,
15,Peugeot,B101165653,PEUGEOT 3008 1.6 E-HDI 115 FAP ALLURE BMP6,3008,10100,2013,requis,Diesel,automatique,blanc nacre,tissu noir,5,5,oui,6 CV,114 ch,2,127 g/kmC,EURO5,Non,78000,,2,,,
16,Peugeot,E106218155,PEUGEOT 308 II (2) 1.5 BLUEHDI 130 S&S GT LINE EAT8,308 (2E GENERATION),24890,2020,non requis,Diesel,automatique,gris,,5,5,oui,6 CV,130 ch,2,94 g/kmA,EURO6,Oui,10,22 mois,,en cours,,
1,Peugeot,E106260741,PEUGEOT 308 II (2) 1.6 BLUEHDI 120 S&S ALLURE EAT6,308 (2E GENERATION),16490,2018,non requis,Diesel,automatique,platine,,5,5,non,6 CV,120 ch,2,95 g/kmA,EURO6,Non,53591,12 mois,,,,
2,Peugeot,E106251912,PEUGEOT 308 II SW 2.0 BLUEHDI 150 FELINE,308 (2E GENERATION) SW,12490,2014,requis,Diesel,mécanique,blanc,,5,5,non,7 CV,150 ch,2,105 g/kmB,EURO6,Non,115251,12 mois,,,,
3,Peugeot,W101700772,PEUGEOT 208 (2) 1.6 BLUEHDI 75 S&S ACTIVE BUSINESS 5P,208,9990,2017,non requis,Diesel,mécanique,blanc metal,tissu noir,5,5,oui,3 CV,75 ch,2,79 g/kmA,EURO6,Non,66400,6 mois,,,,
4,Peugeot,W101676100,PEUGEOT 3008 II 1.2 PURETECH 130 S&S ALLURE,3008 (2E GENERATION),25990,2019,non requis,Essence,mécanique,blanc nacre,cuir/tissu noir,5,5,oui,7 CV,130 ch,1,113 g/kmB,EURO6,Non,21700,12 mois,,en cours,,
5,Peugeot,W101707790,PEUGEOT 5008 II 1.6 BLUEHDI 120 S&S ALLURE,5008 (2E GENERATION),19970,2017,non requis,Diesel,mécanique,gris foncé metal,tissu noir,5,7,non,6 CV,120 ch,2,108 g/kmB,EURO6,Non,87100,12 mois,2,,,
6,Peugeot,E105700228,PEUGEOT 508 II SW 2.0 BLUEHDI 180 S&S GT LINE EAT8,508 (2E GENERATION) SW,33950,2019,non requis,Diesel,automatique,blanc,,5,5,oui,9 CV,177 ch,2,124 g/kmC,EURO6,Non,4493,18 mois,,en cours,,
7,Peugeot,E106007216,PEUGEOT 308 II (2) 1.2 PURETECH S&S 110 ALLURE,308 (2E GENERATION),16990,2018,non requis,Essence,mécanique,bleu,,5,5,oui,6 CV,110 ch,1,113 g/kmB,EURO6,Oui,13638,12 mois,,en cours,,
8,Peugeot,E106111964,PEUGEOT 308 II (2) SW 1.5 BLUEHDI 130 S&S ALLURE,308 (2E GENERATION) SW,21490,2019,non requis,Diesel,mécanique,noir,,5,5,oui,6 CV,130 ch,2,92 g/kmA,EURO6,Oui,10,24 mois,,en cours,,
9,Peugeot,E106193052,PEUGEOT 2008 (2) 1.2 PURETECH 110 S&S ALLURE,2008,14500,2017,non requis,Essence,mécanique,gris,,5,5,non,5 CV,110 ch,1,103 g/kmB,EURO6,Oui,24713,3 mois,,,,
10,Peugeot,W101697282,PEUGEOT 308 II (2) 1.6 BLUEHDI 120 S&S ALLURE EAT6,308 (2E GENERATION),13990,2016,non requis,Diesel,automatique,gris metal,tissu gris,5,5,oui,6 CV,120 ch,2,92 g/kmA,EURO6,Non,63000,6 mois,1,,,
11,Peugeot,E106282663,PEUGEOT 5008 (2) 1.6 BLUEHDI 120 S&S ALLURE EAT6 7PL,5008,24490,2017,non requis,Diesel,automatique,noir,,5,7,non,6 CV,120 ch,2,112 g/kmB,EURO6,Non,43690,12 mois,,,,
12,Peugeot,E106084438,PEUGEOT 508 II 2.0 BLUEHDI 180 S&S GT LINE EAT8,508 (2E GENERATION),33250,2019,non requis,Diesel,automatique,gris,,5,5,oui,9 CV,177 ch,2,124 g/kmC,EURO6,Non,2590,17 mois,,en cours,,
13,Peugeot,W101701479,PEUGEOT 208 (2) 1.6 BLUEHDI 75 S&S ACTIVE BUSINESS 5P,208,9490,2015,non requis,Diesel,mécanique,gris metal,tissu noir,5,5,oui,3 CV,75 ch,2,79 g/kmA,EURO6,Non,47000,6 mois,,,,
14,Peugeot,W101707047,PEUGEOT 308 II (2) 1.5 BLUEHDI 130 S&S GT LINE,308 (2E GENERATION),19990,2019,non requis,Diesel,mécanique,gris metal,cuir/tissu noir,5,5,oui,6 CV,130 ch,2,92 g/kmA,EURO6,Non,31280,12 mois,,en cours,,
15,Peugeot,E106185501,PEUGEOT 508 II SW 2.0 BLUEHDI 180 S&S GT EAT8,508 (2E GENERATION) SW,35950,2018,non requis,Diesel,automatique,gris,,5,5,oui,9 CV,177 ch,2,124 g/kmC,EURO6,Non,34327,13 mois,,en cours,,
16,Peugeot,E106020454,PEUGEOT 208 (2) 1.2 PURETECH 110 S&S 6CV TECH EDITION EAT6 5P,208,14690,2019,non requis,Essence,automatique,platine,,5,5,non,6 CV,110 ch,1,112 g/kmB,EURO6,Oui,22172,12 mois,,en cours,,
1,Renault,E105871768,RENAULT CAPTUR (2) 1.3 TCE 150 ENERGY S-EDITION,CAPTUR,15890,2018,non requis,Essence,mécanique,gris,,5,5,non,8 CV,150 ch,1,121 g/kmC,EURO6,Non,24190,,,en cours,,
2,Renault,E106272744,RENAULT CAPTUR 1.5 DCI 110 ENERGY INTENS,CAPTUR,13990,2017,non requis,Diesel,mécanique,noir,,5,5,non,5 CV,110 ch,2,98 g/kmA,EURO6,Non,26900,,,,,
3,Renault,E106237297,RENAULT MASTER FG GRD CONF 2.3 DCI 130 L3H2 CAMERA,,26200,2020,non requis,Diesel,mécanique,blanc,noir,5,3,oui,8 CV,0 ch,2,191 g/kmE,EURO6,Non,10,24 mois,,,,
4,Renault,E106226253,RENAULT TRAFIC FG GRAND CONFORT DCI 120 L1H1 GPS,,21300,2020,non requis,Diesel,mécanique,blanc,noir,5,,non,7 CV,0 ch,,154 g/kmD,,Non,10,24 mois,,,,
5,Renault,E106237299,RENAULT MASTER FG GRD CONF 2.3 DCI 130 L3H2 CAMERA,,26200,2020,non requis,Diesel,mécanique,blanc,noir,5,5,oui,8 CV,0 ch,1,191 g/kmE,EURO6,Non,10,24 mois,1,,,
6,Renault,E106164788,RENAULT SCENIC III 1.5 DCI 110 FAP PRIVILEGE EURO5,SCENIC 3,4990,2011,requis,Diesel,mécanique,gris,,5,5,non,6 CV,110 ch,2,128 g/kmC,EURO5,Non,180900,,,,,
7,Renault,E106226255,RENAULT TRAFIC FG GRD CONFORT BLUEDCI 120 L1H1 GPS,,21300,2020,non requis,Diesel,mécanique,blanc,noir,5,,oui,7 CV,0 ch,,154 g/kmD,,Non,10,24 mois,,,,
8,Renault,E106156567,RENAULT GRAND SCENIC III (2) 1.5 DCI 110 FAP BUSINESS 7PL,GRAND SCENIC 3,7490,2013,requis,Diesel,mécanique,gris,,5,7,non,5 CV,110 ch,2,105 g/kmB,EURO5,Non,135900,,,,,
9,Renault,E106237295,RENAULT MASTER FG GRD CONF BDCI 135 L3H2 CAMERA AR,,26200,2020,non requis,Diesel,mécanique,blanc,gris,5,2,oui,8 CV,0 ch,1,207 g/kmF,EURO4,Non,10,24 mois,1,,,
10,Renault,E106237298,RENAULT MASTER FG GRD CONF 2.3 BDCI 130 L3H2 3.5T,,26200,2020,non requis,Diesel,mécanique,blanc,noir,5,5,oui,8 CV,0 ch,2,191 g/kmE,EURO6,Non,10,24 mois,1,,,
11,Renault,E106237296,RENAULT MASTER FG GRD CONF 2.3 BDCI 130 L3H2 3.5T,,26200,2020,non requis,Diesel,mécanique,blanc,noir,5,3,oui,8 CV,0 ch,2,191 g/kmE,EURO6,Non,10,24 mois,,,,
12,Renault,E106226254,RENAULT TRAFIC FG GRAND CONFORT DCI 120 L1H1 1200K,,21300,2020,non requis,Diesel,mécanique,blanc,noir,5,,oui,7 CV,0 ch,,154 g/kmD,,Non,10,24 mois,,,,
13,Renault,E106316154,RENAULT CAPTUR 1.5 DCI 90 ENERGY BUSINESS ECO2,CAPTUR,9390,2015,requis,Diesel,mécanique,gris,,5,5,non,4 CV,90 ch,2,95 g/kmA,EURO5,Non,76013,6 mois,,,,
14,Renault,E106159414,RENAULT CAPTUR (2) 1.5 DCI 110 ENERGY INTENS,CAPTUR,13970,2017,non requis,Diesel,mécanique,marron,,5,5,oui,5 CV,110 ch,2,98 g/kmA,EURO6,Non,59820,12 mois,,,,
15,Renault,E106181536,RENAULT CAPTUR (2) 1.5 DCI 110 ENERGY INTENS,CAPTUR,13970,2017,non requis,Diesel,mécanique,marron,,5,5,oui,5 CV,110 ch,2,98 g/kmA,EURO6,Non,59820,12 mois,,,,
16,Renault,W101678127,RENAULT CLIO IV 1.5 DCI 90 ENERGY NOUVELLE LIMITED ECO2 82G,CLIO 4,10480,2017,non requis,Diesel,mécanique,blanc opaque (verni sans reflet),tissu noir,5,5,oui,4 CV,90 ch,2,85 g/kmA,EURO6,Non,57101,6 mois,1,,Garantie OR,
1,Renault,E106128201,RENAULT TALISMAN ESTATE 1.6 DCI 160 ENERGY INITIALE PARIS EDC,TALISMAN ESTATE,16900,2017,non requis,Diesel,automatique,gris,noir,5,5,non,8 CV,161 ch,2,120 g/kmB,EURO6,Non,107337,12 mois,,,,
2,Renault,W101664949,RENAULT CLIO V 1.0 TCE 100 INTENS,CLIO 5,16990,2019,non requis,Essence,mécanique,gris clair metal,tissu noir,5,5,oui,5 CV,101 ch,1,100 g/kmA,EURO6,Oui,30,23 mois,1,en cours,Garantie OR,
3,Renault,W101719116,RENAULT TRAFIC III (2) SPACECLASS L1 DCI 145 S&S 8CV 8PL EDC,TRAFIC 3 COMBI,36900,2019,non requis,Diesel,automatique,gris clair metal,tissu noir,5,9,oui,8 CV,146 ch,2,154 g/kmD,EURO6,Non,1000,24 mois,1,en cours,,
4,Renault,W101687415,RENAULT MASTER III FOURGON GRAND CONFORT TRACTION F3500 L2H2 DCI 130 EURO6,MASTER 3,18990,2018,non requis,Diesel,mécanique,blanc verni,tissu noir,4,3,oui,8 CV,131 ch,2,204 g/kmF,EURO6,Non,33000,6 mois,1,en cours,,
5,Renault,W101704266,RENAULT CLIO V 1.5 BLUE DCI 85 INTENS,CLIO 5,17990,2020,non requis,Diesel,mécanique,rouge metal,cuir/tissu noir,5,,oui,4 CV,85 ch,,95 g/kmA,,Non,1000,24 mois,,,,Européen
6,Renault,W101687727,RENAULT KADJAR 1.2 TCE 130 ENERGY S-EDITION-LUX EDC,KADJAR,18790,2018,non requis,Essence,automatique,noir metal,cuir/tissu noir,5,,oui,7 CV,130 ch,,134 g/kmC,,Non,38690,12 mois,,en cours,,Européen
7,Renault,W101665157,RENAULT CLIO V 1.0 TCE 100 INTENS,CLIO 5,16790,2019,non requis,Essence,mécanique,rouge metal,cuir/tissu noir,5,5,oui,5 CV,100 ch,1,100 g/kmA,EURO6,Oui,800,24 mois,,en cours,,
8,Renault,W101705638,RENAULT MEGANE III (3) ESTATE 1.2 TCE 130 ENERGY BOSE EDITION EDC,MEGANE 3 ESTATE,11500,2014,requis,Essence,automatique,gris foncé metal,cuir/tissu noir,5,5,oui,7 CV,132 ch,1,129 g/kmC,EURO5,Non,49990,3 mois,1,,,
9,Renault,E106257021,RENAULT TRAFIC FG GRAND CONFORT BLUEDCI 120 L2H1,,22200,2020,non requis,Diesel,mécanique,blanc,noir,5,5,oui,7 CV,0 ch,0,154 g/kmD,,Non,10,24 mois,1,,,
10,Renault,E106244510,RENAULT CAPTUR (2) 0.9 TCE 90 ZEN,CAPTUR,15980,2019,non requis,Essence,mécanique,gris,,5,5,non,5 CV,90 ch,1,125 g/kmC,EURO6,Non,10,,,en cours,,
11,Renault,W101708662,RENAULT GRAND SCENIC IV 1.3 TCE 140 ENERGY INTENS EDC 7PL,GRAND SCENIC 4,20900,2018,non requis,Essence,automatique,blanc nacre,cuir noir,5,7,oui,7 CV,140 ch,1,124 g/kmC,EURO6,Non,9900,12 mois,1,en cours,,
12,Renault,W101707845,RENAULT KADJAR 1.5 DCI 110 ENERGY BUSINESS EDC,KADJAR,13490,2016,non requis,Diesel,automatique,gris foncé metal,tissu noir,5,5,oui,5 CV,110 ch,2,99 g/kmA,EURO6,Non,67300,6 mois,1,,,
13,Renault,E105789959,RENAULT CLIO V 1.0 TCE 100 INTENS,CLIO 5,17690,2019,non requis,Essence,mécanique,rouge,,5,5,non,5 CV,100 ch,1,100 g/kmA,EURO6,Oui,50,24 mois,,en cours,,
14,Renault,E105985820,RENAULT SCENIC IV 1.7 BLUE DCI 120 INTENS,SCENIC 4,22790,2019,non requis,Diesel,mécanique,noir,,5,5,oui,6 CV,120 ch,2,127 g/kmC,EURO6,Non,10,25 mois,,en cours,,
15,Renault,E106111966,RENAULT MEGANE IV ESTATE 1.2 TCE 100 ENERGY LIFE,MEGANE 4 ESTATE,12970,2017,non requis,Essence,mécanique,blanc,,5,5,oui,5 CV,100 ch,1,120 g/kmB,EURO6,Non,25205,12 mois,,,,
16,Renault,E106361037,RENAULT CLIO 1.0 TCE 100CH DELUXE GPS,CLIO 5,16280,2020,non requis,Essence,mécanique,bleu,,5,,non,4 CV,0 ch,,100 g/kmA,,Non,10,,,,,
1,Toyota,W101708484,TOYOTA LAND CRUISER (KDJ150) 190 D-4D FAP LOUNGE PACK PREMIUM BVA 5P,LAND CRUISER SERIE 150,24900,2010,requis,Diesel,automatique,gris foncé metal,cuir noir,5,5,non,12 CV,190 ch,2,213 g/kmF,EURO5,Non,149000,6 mois,3,,,
2,Toyota,E106302531,TOYOTA AURIS 126 D-4D LUNA PACK 5P,AURIS,3990,2008,requis,Diesel,mécanique,gris,,5,5,non,7 CV,126 ch,3,144 g/kmD,EURO4,Non,189900,,,,,
3,Toyota,E106099081,TOYOTA AURIS II 124 D-4D FAP DYNAMIC,AURIS 2,8990,2014,requis,Diesel,mécanique,gris,,5,5,non,6 CV,124 ch,2,112 g/kmB,EURO5,Non,103500,,,,,
4,Toyota,W101687000,TOYOTA YARIS III (3) 100H HYBRID DYNAMIC 5P,YARIS 3,14450,2017,non requis,Hybride essence électrique,automatique,gris clair metal,tissu noir,5,5,oui,3 CV,100 ch,1,75 g/kmA,EURO6,Non,21609,10 mois,1,en cours,,
5,Toyota,E106218485,TOYOTA C-HR 1.8 HYBRIDE 122 DYNAMIC,C-HR,20900,2018,non requis,Hybride essence électrique,automatique,gris clair,,5,5,non,4 CV, ch,1,86 g/kmA,EURO6,Non,23867,,,en cours,,
6,Toyota,W101668238,TOYOTA YARIS III (3) 100H HYBRID DYNAMIC 5P,YARIS 3,14490,2017,non requis,Hybride essence électrique,automatique,rouge metal,tissu noir,5,5,oui,3 CV,100 ch,1,75 g/kmA,EURO6,Non,22900,6 mois,1,en cours,,
7,Toyota,W101679680,TOYOTA YARIS III (3) 100H HYBRID DYNAMIC 5P,YARIS 3,14450,2017,non requis,Hybride essence électrique,automatique,bleu verni,tissu noir,5,5,oui,3 CV,100 ch,1,75 g/kmA,EURO6,Non,22387,10 mois,1,en cours,,
8,Toyota,W101696484,TOYOTA LAND CRUISER (KDJ150) (3) 177 D-4D 12CV LOUNGE PACK TECHNO BVA,LAND CRUISER SERIE 150,109000,2019,non requis,Diesel,automatique,noir metal,cuir marron,5,5,oui,17 CV,177 ch,2,207 g/kmF,EURO6,Non,15,,,en cours,,
9,Toyota,W101700915,TOYOTA AURIS II (2) HYBRIDE 136H DESIGN,AURIS 2,18800,2018,non requis,Hybride essence électrique,automatique,gris clair metal,velours marron,5,5,non,5 CV,136 ch,1,90 g/kmA,EURO6,Non,29800,,2,en cours,,
10,Toyota,W101675268,TOYOTA YARIS III (3) 100H HYBRID DYNAMIC 5P,YARIS 3,13700,2017,non requis,Hybride essence électrique,automatique,blanc verni,tissu noir,5,5,oui,3 CV,100 ch,1,75 g/kmA,EURO6,Non,29838,8 mois,1,en cours,,
11,Toyota,W101717836,TOYOTA RAV 4 III 177 D-4D CLEAN POWER PACK TECHNO,RAV 4 (3E GENERATION),9970,2006,requis,Diesel,mécanique,gris foncé metal,cuir beige,5,5,non,11 CV,177 ch,3,185 g/kmE,EURO4,Non,136500,12 mois,2,,,
12,Toyota,E106226971,TOYOTA C-HR (2) 2.0 HYBRIDE 184 COLLECTION,C-HR,31490,2020,non requis,Hybride essence électrique,automatique,gris clair,,5,5,non,7 CV,184 ch,1,92 g/kmA,EURO6,Non,10,,,en cours,,
13,Toyota,W101660755,TOYOTA YARIS III (3) 100H HYBRID DYNAMIC 5P,YARIS 3,14990,2017,non requis,Hybride essence électrique,automatique,gris clair metal,tissu noir,5,5,oui,3 CV,100 ch,1,75 g/kmA,EURO6,Non,18900,6 mois,1,en cours,,
14,Toyota,W101657190,TOYOTA YARIS III (3) 100H HYBRID DYNAMIC 5P,YARIS 3,13950,2017,non requis,Hybride essence électrique,automatique,gris clair metal,tissu noir,5,5,oui,3 CV,100 ch,1,75 g/kmA,EURO6,Non,28798,10 mois,1,en cours,,
15,Toyota,W101669213,TOYOTA YARIS III (3) 100H HYBRID COLLECTION,YARIS 3,15750,2017,non requis,Hybride essence électrique,automatique,marron metal,tissu noir,5,5,oui,3 CV,100 ch,1,82 g/kmA,EURO6,Non,24184,6 mois,1,en cours,,
16,Toyota,W101668208,TOYOTA YARIS III (3) 100H HYBRID DYNAMIC 5P,YARIS 3,14380,2017,non requis,Hybride essence électrique,automatique,gris clair metal,tissu noir,5,5,oui,3 CV,100 ch,1,75 g/kmA,EURO6,Non,25957,10 mois,1,en cours,,
1,Toyota,W101690333,TOYOTA LAND CRUISER (KDJ120) 163 D-4D VXE BVA 5P,LAND CRUISER SERIE 120,10990,2004,requis,Diesel,automatique,gris clair metal,cuir noir,5,8,non,12 CV,163 ch,4,277 g/kmG,EURO3,Non,293000,,4,,,
2,Toyota,E106265407,TOYOTA C-HR 1.8 HYBRIDE 122 GRAPHIC,C-HR,17890,2017,non requis,Hybride essence électrique,automatique,blanc,,5,5,non,4 CV, ch,1,87 g/kmA,EURO6,Non,77633,3 mois,,,,
3,Toyota,W101718757,TOYOTA LAND CRUISER (KDJ120) 173 D-4D VXE 2007 BVA 5P,LAND CRUISER SERIE 120,16900,2008,requis,Diesel,automatique,gris clair metal,cuir gris,5,5,non,12 CV,173 ch,3,238 g/kmF,EURO4,Non,184500,6 mois,4,,,
4,Toyota,W101661866,TOYOTA YARIS III (3) 100H HYBRID DYNAMIC 5P,YARIS 3,14250,2017,non requis,Hybride essence électrique,automatique,bleu metal,tissu noir,5,5,oui,3 CV,100 ch,1,75 g/kmA,EURO6,Non,28283,10 mois,1,en cours,,
5,Toyota,W101654961,TOYOTA YARIS III (3) 100H HYBRID DYNAMIC 5P,YARIS 3,14450,2017,non requis,Hybride essence électrique,automatique,rouge metal,tissu noir,5,5,oui,3 CV,100 ch,1,75 g/kmA,EURO6,Non,21276,10 mois,1,en cours,,
6,Toyota,E106090937,TOYOTA C-HR (2) 2.0 HYBRIDE 184 GRAPHIC,C-HR,30900,2020,non requis,Hybride essence électrique,automatique,NOIR / T GRIS PLAT,NOIR ET BLEU,5,5,non,7 CV,184 ch,1,92 g/kmA,EURO6,Non,10,,,en cours,,
7,Toyota,E105220996,TOYOTA YARIS III (3) 100 VVT-I COLLECTION 5P,YARIS 3,11990,2016,non requis,Essence,mécanique,gris clair,,5,5,non,5 CV,99 ch,1,114 g/kmB,EURO6,Oui,19035,12 mois,,,,
8,Toyota,E105634417,TOYOTA C-HR 1.8 HYBRIDE 122 DYNAMIC,C-HR,22490,2018,non requis,Hybride essence électrique,automatique,Bleu,NOIR,5,5,oui,4 CV,122 ch,1,86 g/kmA,EURO6,Oui,33249,24 mois,,,,
9,Toyota,E105975694,TOYOTA YARIS III (3) 1.0 70 VVT-I 20EME ANNIVERSAIRE,YARIS 3,13950,2019,non requis,Essence,mécanique,BI-TON OR HERITAGE,,5,5,non,4 CV,72 ch,1,104 g/kmB,EURO6,Oui,2900,36 mois,,en cours,Toyota Occasions Plus,
10,Toyota,E106332869,TOYOTA C-HR 1.8 HYBRIDE 122 COLLECTION,C-HR,23880,2018,non requis,Hybride essence électrique,automatique,BLANC,,5,5,oui,4 CV,122 ch,1,87 g/kmA,EURO6,Non,38500,,,en cours,,
11,Toyota,E105816891,TOYOTA RAV 4 IV (2) HYBRIDE 2WD DYNAMIC EDITION,RAV 4 (4E GENERATION),27490,2018,non requis,Hybride essence électrique,automatique,Noir Cobalt,,5,5,non,8 CV,197 ch,1,122 g/kmC,EURO6,Non,16000,36 mois,,en cours,Toyota Occasions Plus Hybride,
12,Toyota,E106165606,TOYOTA YARIS III (2) HYBRID 100H COLLECTION 5P,YARIS 3,16500,2017,non requis,Hybride essence électrique,automatique,GRIS C,,5,5,oui,3 CV,100 ch,1,82 g/kmA,EURO6,Non,29150,12 mois,,en cours,,
13,Toyota,E106129254,TOYOTA YARIS III (3) 110 VVT-I DYNAMIC 5P,YARIS 3,11890,2017,non requis,Essence,mécanique,Blanc,,5,5,oui,6 CV,111 ch,1,109 g/kmB,EURO6,Oui,36000,12 mois,,en cours,,
14,Toyota,E106052813,TOYOTA YARIS III (3) 100H HYBRID DYNAMIC 5P,YARIS 3,16990,2019,non requis,Hybride essence électrique,automatique,GRIS ATLAS,,5,5,non,3 CV,100 ch,1,84 g/kmA,EURO6,Non,13056,36 mois,,en cours,Toyota Occasions Plus Hybride,
15,Toyota,E105886867,TOYOTA C-HR 1.8 HYBRIDE 122 EDITION,C-HR,28900,2019,non requis,Hybride essence électrique,automatique,blanc nacré,,5,5,oui,4 CV,122 ch,1,86 g/kmA,EURO6,Oui,3000,36 mois,,en cours,Toyota Occasions Plus Hybride,
16,Toyota,E106200424,TOYOTA AURIS II TOURING SPORTS HYBRIDE 136H STYLE,AURIS 2 TOURING SPORTS,14480,2014,requis,Hybride essence électrique,automatique,Gris Métal,NOIR,5,5,oui,5 CV,136 ch,1,92 g/kmA,EURO5,Non,75972,,,,,
1,Volkswagen,W101632184,VOLKSWAGEN TRANSPORTER V 2.0 TDI 114 BLUEMOTION TECHNOLOGY L1H1 BUSINESS LINE,TRANSPORTER 5,13900,2014,requis,Diesel,mécanique,blanc verni,tissu gris,4,3,oui,7 CV,114 ch,2,176 g/kmE,EURO5,Non,107000,6 mois,1,,,
2,Volkswagen,W101669246,VOLKSWAGEN TRANSPORTER V 2.0 TDI 140 L1H1 BUSINESS LINE DSG,TRANSPORTER 5,24900,2016,non requis,Diesel,automatique,gris foncé metal,tissu noir,4,3,oui,7 CV,140 ch,2,195 g/kmE,EURO5,Non,78000,6 mois,1,,,
3,Volkswagen,W101717602,VOLKSWAGEN TRANSPORTER V 2.0 TDI 84 L1H1 BUSINESS LINE,TRANSPORTER 5,15490,2015,non requis,Diesel,mécanique,blanc verni,tissu gris,4,3,oui,7 CV,84 ch,2,190 g/kmE,EURO5,Non,53000,6 mois,1,,,
4,Volkswagen,E106324634,VOLKSWAGEN T-ROC 2.0 TDI 150 CARAT 4MOTION DSG7,T-ROC,25990,2017,non requis,Diesel,automatique,gris,,5,5,non,8 CV,150 ch,2,134 g/kmC,EURO6,Non,42500,,,,,
5,Volkswagen,W101713798,VOLKSWAGEN GOLF VII 1.6 TDI 105 BLUEMOTION TECHNOLOGY LOUNGE 5P,GOLF 7,12900,2015,requis,Diesel,mécanique,blanc verni,tissu noir,5,5,non,5 CV,110 ch,2,99 g/kmA,EURO6,Non,94000,6 mois,2,,,
6,Volkswagen,W101713398,VOLKSWAGEN GOLF VII 1.6 TDI 105 BLUEMOTION TECHNOLOGY TRENDLINE BUSINESS 3P,GOLF 7,10900,2013,requis,Diesel,mécanique,blanc verni,tissu noir,3,5,non,5 CV,105 ch,2,99 g/kmA,EURO5,Non,134000,6 mois,3,,,
7,Volkswagen,W101691329,VOLKSWAGEN GOLF VII 1.6 TDI 110 BLUEMOTION TECHNOLOGY CONFORT BUSINESS 5P,GOLF 7,13490,2016,non requis,Diesel,mécanique,noir metal,tissu gris,5,5,oui,5 CV,110 ch,2,99 g/kmA,EURO6,Non,75000,6 mois,1,,,
8,Volkswagen,E106324636,VOLKSWAGEN GOLF VII 1.6 TDI 105 BLUEMOTION TECHNOLOGY CONFORTLINE DSG7 5P,GOLF 7,10990,2013,requis,Diesel,automatique,gris,,5,5,non,5 CV,105 ch,2,102 g/kmB,EURO5,Non,145500,,,,,
9,Volkswagen,W101714086,VOLKSWAGEN T-ROC 2.0 TDI 150 CARAT 4MOTION DSG7,T-ROC,28990,2018,non requis,Diesel,automatique,blanc metal,cuir/tissu noir,5,5,oui,8 CV,150 ch,2,127 g/kmC,EURO6,Non,43703,12 mois,,en cours,,
10,Volkswagen,E106265673,VOLKSWAGEN GOLF VI 2.0 TDI 140 FAP CONFORTLINE BV6 5P,GOLF 6,7880,2010,requis,Diesel,mécanique,noir,beige,5,5,non,7 CV,140 ch,2,126 g/kmC,EURO5,Non,211600,3 mois,,,,
11,Volkswagen,W101701532,VOLKSWAGEN SCIROCCO II 2.0 TDI 140 FAP SERIE LIMITEE GTS,SCIROCCO 2,15900,2014,requis,Diesel,mécanique,blanc metal,cuir noir,3,4,non,7 CV,136 ch,2,127 g/kmC,EURO5,Non,99000,6 mois,3,,,
12,Volkswagen,W101653628,VOLKSWAGEN TIGUAN II 2.0 TDI 150 BLUEMOTION TECHNOLOGY CARAT EDITION DSG7,TIGUAN 2,24990,2016,non requis,Diesel,automatique,blanc nacre,cuir noir,5,5,oui,8 CV,150 ch,2,129 g/kmC,EURO6,Non,73300,6 mois,1,,,
13,Volkswagen,W101697339,VOLKSWAGEN GOLF VI R 2.0 TSI 270 DSG6 5P,GOLF 6 R,18990,2011,requis,Essence,automatique,noir metal,cuir noir,5,5,non,17 CV,271 ch,1,195 g/kmE,EURO5,Non,142800,3 mois,,,,
14,Volkswagen,E106053751,VOLKSWAGEN GOLF 1.6 TDI 115CH BI-TON GPS JOIN JA16,GOLF 7,20450,2019,non requis,Diesel,mécanique,gris,gris,3,,oui,6 CV,0 ch,,106 g/kmB,,Non,19500,48 mois,,,,
15,Volkswagen,W101669189,VOLKSWAGEN TOURAN III 1.6 TDI 110 BLUEMOTION TECHNOLOGY CONFORTLINE BUSINESS DSG7,TOURAN 3,14490,2015,non requis,Diesel,automatique,bleu clair metal,tissu beige,5,5,oui,6 CV,110 ch,2,111 g/kmB,EURO6,Non,96700,6 mois,1,,,
16,Volkswagen,E106301858,VOLKSWAGEN CRAFTER 35 TDI 136 4325L L3H2,,9990,2010,requis,Diesel,mécanique,blanc,,5,,non,8 CV, ch,,,,Non,228990,,,,,
1,Volkswagen,W101715645,VOLKSWAGEN TOURAN III 1.6 TDI 115 BLUEMOTION TECHNOLOGY CARAT 7PL,TOURAN 3,15980,2017,non requis,Diesel,mécanique,bleu metal,alcantara gris,5,7,oui,6 CV,115 ch,2,120 g/kmB,EURO6,Non,116359,6 mois,,,,
2,Volkswagen,E106261408,VOLKSWAGEN GOLF VII 1.6 TDI 90 BLUEMOTION TECHNOLOGY TRENDLINE BUSINESS 3P,GOLF 7,10900,2015,non requis,Diesel,mécanique,blanc,,3,5,oui,4 CV,90 ch,2,98 g/kmA,EURO5,Non,106431,3 mois,,,,
3,Volkswagen,W101668749,VOLKSWAGEN TIGUAN (2) 2.0 TDI 140 BLUEMOTION TECHNOLOGY CARAT,TIGUAN,14890,2012,requis,Diesel,mécanique,gris foncé metal,cuir noir,5,5,oui,8 CV,140 ch,2,139 g/kmC,EURO5,Non,98900,3 mois,2,,,
4,Volkswagen,E106291329,VOLKSWAGEN TIGUAN II 2.0 TDI 150 CONNECT 4MOTION DSG7,TIGUAN 2,30980,2018,non requis,Diesel,automatique,noir,noir,5,5,non,8 CV,150 ch,2,136 g/kmC,EURO6,Non,21990,,,en cours,,
5,Volkswagen,W101699907,VOLKSWAGEN GOLF IV 1.4 EDITION 5P,GOLF 4,2995,2002,requis,Essence,mécanique,bleu marine metal,tissu gris,5,5,oui,5 CV,75 ch,3,,EURO3,Non,150000,3 mois,,,,
6,Volkswagen,W101714258,VOLKSWAGEN TIGUAN II 2.0 TDI 190 BLUEMOTION TECHNOLOGY CARAT 4MOTION DSG7,TIGUAN 2,24990,2016,non requis,Diesel,automatique,bleu metal,alcantara noir,5,5,oui,11 CV,190 ch,2,149 g/kmD,EURO6,Non,98158,3 mois,1,,,
7,Volkswagen,E106156474,VOLKSWAGEN TIGUAN (2) 2.0 TDI 140 BLUEMOTION TECHNOLOGY LOUNGE 4MOTION,TIGUAN,17950,2015,non requis,Diesel,mécanique,blanc,,5,5,oui,8 CV,140 ch,2,150 g/kmD,EURO5,Non,74470,,,,,
8,Volkswagen,W101679788,VOLKSWAGEN SHARAN II 2.0 TDI 150 BLUEMOTION TECHNOLOGY SOUND BV6,SHARAN 2,26780,2017,non requis,Diesel,mécanique,gris clair metal,tissu noir,5,7,oui,8 CV,150 ch,2,132 g/kmC,EURO6,Non,33270,12 mois,1,,,
9,Volkswagen,E106101572,VOLKSWAGEN GOLF VII (2) 1.6 TDI 115 BLUEMOTION TECHNOLOGY CONFORTLINE DSG7 5P,GOLF 7,20300,2018,non requis,Diesel,automatique,gris clair,,5,5,non,6 CV,115 ch,2,102 g/kmB,EURO6,Non,8627,12 mois,,en cours,,
10,Volkswagen,E106049787,VOLKSWAGEN PASSAT VIII SW 2.0 TDI 240 BLUEMOTION TECHNOLOGY 4MOTION CARAT EXCLUSIVE DSG7,PASSAT 8 SW,22990,2017,non requis,Diesel,automatique,noir,,5,5,non,14 CV,239 ch,2,151 g/kmD,EURO6,Non,145675,,,,,
11,Volkswagen,E106295922,VOLKSWAGEN GOLF VII 2.0 TDI 150 BLUEMOTION TECHNOLOGY CARAT DSG6 5P,GOLF 7,14980,2013,requis,Diesel,automatique,noir,,5,5,non,8 CV,150 ch,2,119 g/kmB,EURO5,Non,94990,12 mois,,,,
12,Volkswagen,W101699277,VOLKSWAGEN GOLF VII 2.0 TDI 150 BLUEMOTION TECHNOLOGY CARAT DSG6 5P,GOLF 7,15750,2016,non requis,Diesel,automatique,bleu metal,alcantara gris,5,5,oui,8 CV,150 ch,2,119 g/kmB,EURO6,Non,90819,6 mois,1,,,
13,Volkswagen,W101687739,VOLKSWAGEN POLO V (2) 1.0 60 ALLSTAR 5P,POLO 5,11990,2016,non requis,Essence,mécanique,gris foncé metal,tissu gris,5,5,oui,4 CV,60 ch,1,114 g/kmB,EURO6,Oui,19300,6 mois,1,,,
14,Volkswagen,W101644932,VOLKSWAGEN TIGUAN (2) 2.0 TDI 170 FAP CARAT 4MOTION,TIGUAN,11500,2010,requis,Diesel,mécanique,gris clair metal,cuir noir,5,5,oui,10 CV,170 ch,2,172 g/kmE,EURO5,Non,143859,6 mois,2,,,
15,Volkswagen,W101669189,VOLKSWAGEN TOURAN III 1.6 TDI 110 BLUEMOTION TECHNOLOGY CONFORTLINE BUSINESS DSG7,TOURAN 3,14490,2015,non requis,Diesel,automatique,bleu clair metal,tissu beige,5,5,oui,6 CV,110 ch,2,111 g/kmB,EURO6,Non,96700,6 mois,1,,,
16,Volkswagen,E106206813,VOLKSWAGEN GOLF SPORTSVAN (2) 1.5 TSI 130 EVO BLUEMOTION TECHNOLOGY CONNECT DSG7,GOLF SPORTSVAN,20980,2018,non requis,Essence,automatique,noir,,5,5,non,7 CV,130 ch,1,116 g/kmB,EURO6,Oui,8200,,,en cours,,
